operation_id,date,region,site,revenue,target_revenue,order_volume,operating_cost,downtime_minutes,maintenance_cost,csat_score
OP-00001,2026-03-02,North,NO-01,7995.57,9916.70,69,5090.50,11,356.33,78
OP-00002,2026-03-02,North,NO-02,10463.34,10412.53,78,4964.81,9,546.12,92
OP-00003,2026-03-02,North,NO-03,10956.89,11602.54,93,7101.56,12,781.17,90
OP-00004,2026-03-02,North,NO-04,11055.60,10115.03,107,5530.42,10,276.52,93
OP-00005,2026-03-02,North,NO-05,9574.94,8429.20,96,6410.26,8,448.71,83
OP-00006,2026-03-03,North,NO-01,8291.70,9420.86,78,4713.43,9,235.67,93
OP-00007,2026-03-03,North,NO-02,10068.49,9718.37,104,6661.64,8,466.31,92
OP-00008,2026-03-03,North,NO-03,12240.13,12098.37,92,7541.48,8,829.56,77
OP-00009,2026-03-03,North,NO-04,10167.20,10015.87,114,5467.58,12,601.43,94
OP-00010,2026-03-03,North,NO-05,8094.28,12395.87,103,7792.87,9,389.64,90
OP-00011,2026-03-04,North,NO-01,8291.70,11305.04,83,6033.19,8,542.98,96
OP-00012,2026-03-04,North,NO-02,7699.44,10115.03,100,7730.02,9,695.70,84
OP-00013,2026-03-04,North,NO-03,9180.10,10511.70,103,7290.10,12,437.40,87
OP-00014,2026-03-04,North,NO-04,9969.78,11503.37,91,7352.95,9,367.64,95
OP-00015,2026-03-04,North,NO-05,9969.78,7933.36,113,7164.41,12,644.79,92
OP-00016,2026-03-05,North,NO-01,12042.71,11503.37,103,7667.17,7,690.04,92
OP-00017,2026-03-05,North,NO-02,9180.10,10115.03,102,6913.03,12,345.65,88
OP-00018,2026-03-05,NORTH,NO-03,8192.99,9123.36,98,7290.10,8,364.50,83
OP-00019,2026-03-05,North,NO-04,7502.01,9817.53,79,5718.96,12,457.51,88
OP-00020,2026-03-05,North,NO-05,9772.36,11503.37,90,5593.27,11,671.19,78
OP-00021,2026-03-06,North,NO-01,10167.20,9222.53,81,6850.18,12,616.51,92
OP-00022,2026-03-06,North,NO-02,7502.01,10015.87,79,4901.96,9,343.13,82
OP-00023,2026-03-06,North,NO-03,12240.13,8330.03,73,7101.56,8,781.17,90
OP-00024,2026-03-06,North,NO-04,11450.44,8925.03,104,6535.95,10,522.87,87
OP-00025,2026-03-06,North,NO-05,10068.49,10908.37,111,5027.66,10,502.76,84
OP-00026,2026-03-09,North,NO-01,8390.41,8032.53,81,5341.88,8,534.18,96
OP-00027,2026-03-09,North,NO-02,9377.52,10214.20,100,6787.33,12,407.23,96
OP-00028,2026-03-09,North,NO-03,7798.15,12296.71,93,6284.57,11,439.91,84
OP-00029,2026-03-09,North,NO-04,10956.89,10511.70,73,7415.79,9,741.57,83
OP-00030,2026-03-09,North,NO-05,11253.02,7933.36,113,5467.58,10,656.10,87
OP-00031,2026-03-10,North,NO-01,11647.86,8429.20,84,5341.88,8,641.02,96
OP-00032,2026-03-10,North,NO-02,7798.15,7933.36,79,4964.81,10,595.77,90
OP-00033,2026-03-10,North,NO-03,11351.73,8429.20,100,7164.41,10,358.22,88
OP-00034,2026-03-10,North,NO-04,8587.83,9420.86,88,6284.57,12,754.14,76
OP-00035,2026-03-10,North,NO-05,9871.07,8528.36,82,6661.64,9,466.31,91
OP-00036,2026-03-11,North,NO-01,11746.58,8528.36,103,5593.27,12,671.19,90
OP-00037,2026-03-11,North,NO-02,7699.44,11106.70,81,7541.48,9,377.07,94
OP-00038,2026-03-11,North,NO-03,8982.68,10015.87,103,5844.65,10,642.91,95
OP-00039,2026-03-11,North,NO-04,8390.41,11999.21,94,6598.80,8,659.88,
OP-00040,2026-03-11,North,NO-05,7403.30,11106.70,95,5404.73,10,594.52,88
OP-00041,2026-03-12,North,NO-01,8883.96,10313.37,82,5404.73,8,432.37,76
OP-00042,2026-03-12,North,NO-02,10759.47,10610.87,95,4839.12,10,532.30,92
OP-00043,2026-03-12,North,NO-03,11351.73,12197.54,92,6033.19,8,422.32,87
OP-00044,2026-03-12,North,NO-04,7798.15,8627.53,74,7290.10,9,583.20,93
OP-00045,2026-03-12,North,NO-05,11450.44,7735.03,92,6410.26,12,448.71,96
OP-00046,2026-03-13,North,NO-01,9772.36,12296.71,87,6410.26,12,448.71,86
OP-00047,2026-03-13,North,NO-02,12141.42,10412.53,109,5718.96,9,457.51,92
OP-00048,2026-03-13,North,NO-03,11055.60,9619.20,72,7855.71,11,864.12,87
OP-00049,2026-03-13,North,NO-04,7798.15,8825.86,113,7038.72,12,774.25,76
OP-00050,2026-03-13,North,NO-05,11746.58,11503.37,92,7541.48,12,678.73,77
OP-00051,2026-03-16,North,NO-01,12141.42,12098.37,82,6661.64,8,399.69,78
OP-00052,2026-03-16,North,NO-02,7798.15,8627.53,102,6158.88,9,492.71,84
OP-00053,2026-03-16,North,NO-03,7798.15,8330.03,81,5153.35,9,257.66,94
OP-00054,2026-03-16,North,NO-04,10364.63,10015.87,93,5970.34,12,716.44,79
OP-00055,2026-03-16,North,NO-05,8587.83,9718.37,101,6473.11,7,388.38,92
OP-00056,2026-03-17,North,NO-01,8686.54,7635.86,114,6975.87,8,697.58,85
OP-00057,2026-03-17,North,NO-02,8094.28,10511.70,114,7038.72,9,422.32,80
OP-00058,2026-03-17,North,NO-03,10167.20,9619.20,89,6033.19,11,663.65,85
OP-00059,2026-03-17,North,NO-04,7699.44,8330.03,89,7541.48,9,904.97,93
OP-00060,2026-03-17,North,NO-05,7502.01,12395.87,73,5907.50,11,354.45,84
OP-00061,2026-03-18,North,NO-01,12240.13,10809.20,99,6535.95,8,522.87,85
OP-00062,2026-03-18,North,NO-02,10265.91,11800.87,83,7101.56,8,497.10,95
OP-00063,2026-03-18,North,NO-03,10364.63,10214.20,99,6975.87,8,627.82,80
OP-00064,2026-03-18,North,NO-04,9476.23,11007.54,113,6158.88,8,615.88,84
OP-00065,2026-03-18,North,NO-05,11154.31,10809.20,108,4901.96,10,245.09,87
OP-00066,2026-03-19,North,NO-01,11253.02,11503.37,99,5216.19,9,312.97,88
OP-00067,2026-03-19,North,NO-02,12141.42,10214.20,77,7101.56,10,639.14,78
OP-00068,2026-03-19,North,NO-03,7699.44,12296.71,95,5153.35,8,309.20,81
OP-00069,2026-03-19,North,NO-04,7896.86,10610.87,92,7227.25,10,794.99,82
OP-00070,2026-03-19,North,NO-05,11253.02,8726.70,76,5781.80,12,404.72,91
OP-00071,2026-03-20,North,NO-01,9476.23,9123.36,77,5341.88,7,641.02,91
OP-00072,2026-03-20,North,NO-02,9476.23,8330.03,75,5467.58,10,437.40,91
OP-00073,2026-03-20,North,NO-03,10463.34,9321.70,111,5970.34,8,298.51,91
OP-00074,2026-03-20,North,NO-04,7798.15,11205.87,104,5216.19,12,417.29,88
OP-00075,2026-03-20,North,NO-05,10068.49,12098.37,87,6158.88,12,431.12,86
OP-00076,2026-03-23,North,NO-01,8785.25,10809.20,75,5530.42,8,663.65,90
OP-00077,2026-03-23,North,NO-02,10068.49,7735.03,77,6661.64,8,333.08,87
OP-00078,2026-03-23,North,NO-03,9871.07,12197.54,91,4901.96,9,392.15,92
OP-00079,2026-03-23,North,NO-04,12338.84,10511.70,114,7038.72,8,351.93,89
OP-00080,2026-03-23,North,NO-05,9377.52,10511.70,75,7290.10,9,729.01,80
OP-00081,2026-03-24,North,NO-01,11351.73,7933.36,100,4839.12,12,532.30,91
OP-00082,2026-03-24,North,NO-02,10858.18,9520.03,70,6661.64,8,799.39,83
OP-00083,2026-03-24,North,NO-03,8489.12,12395.87,75,6975.87,10,627.82,89
OP-00084,2026-03-24,North,NO-04,7403.30,11305.04,73,4901.96,10,539.21,80
OP-00085,2026-03-24,North,NO-05,12042.71,10412.53,114,6473.11,11,323.65,96
OP-00086,2026-03-25,North,NO-01,7600.72,9817.53,88,5844.65,11,409.12,92
OP-00087,2026-03-25,North,NO-02,10660.76,8429.20,110,6033.19,12,301.65,87
OP-00088,2026-03-25,North,NO-03,12042.71,9321.70,94,5718.96,8,457.51,80
OP-00089,2026-03-25,North,NO-04,10167.20,8032.53,101,5027.66,12,502.76,84
OP-00090,2026-03-25, north ,NO-05,7896.86,9817.53,81,6033.19,10,663.65,85
OP-00091,2026-03-26,North,NO-01,12141.42,7635.86,70,6158.88,10,307.94,82
OP-00092,2026-03-26,North,NO-02,8390.41,9222.53,99,5467.58,9,492.08,87
OP-00093,2026-03-26,North,NO-03,11351.73,8032.53,82,5781.80,12,578.18,82
OP-00094,2026-03-26,North,NO-04,11351.73,7933.36,92,6724.49,8,605.20,85
OP-00095,2026-03-26,North,NO-05,8192.99,10015.87,72,6347.41,10,761.68,88
OP-00096,2026-03-27,North,NO-01,11055.60,11999.21,110,7541.48,12,678.73,90
OP-00097,2026-03-27,North,NO-02,7699.44,12296.71,75,6158.88,9,431.12,76
OP-00098,2026-03-27,North,NO-03,11450.44,9619.20,114,6221.72,9,559.95,93
OP-00099,2026-03-27,North,NO-04,12338.84,9123.36,80,7667.17,8,843.38,92
OP-00100,2026-03-27,North,NO-05,11055.60,8429.20,114,7290.10,8,583.20,92
OP-00101,2026-03-02,South,SO-01,7630.74,12276.77,87,5014.27,10,300.85,92
OP-00102,2026-03-02,South,SO-02,10381.35,10924.24,90,5942.84,10,415.99,78
OP-00103,2026-03-02,South,SO-03,10913.73,12588.89,97,5633.32,8,337.99,80
OP-00104,2026-03-02,South,SO-04,9937.70,8843.43,104,6190.46,9,619.04,87
OP-00105,2026-03-02,South,SO-05,6743.44,8011.11,97,6561.89,10,656.18,90
OP-00106,2026-03-03,South,SO-01,8695.49,12276.77,91,6499.98,7,779.99,85
OP-00107,2026-03-03,South,SO-02,9227.87,13005.05,86,6561.89,9,459.33,80
OP-00108,2026-03-03,South,SO-03,7896.92,10195.96,96,4766.66,11,333.66,84
OP-00109,2026-03-03,South,SO-04,9227.87,10508.08,82,7242.84,11,651.85,87
OP-00110,2026-03-03,South,SO-05,9405.33,8843.43,91,6809.51,8,408.57,76
OP-00111,2026-03-04,South,SO-01,7187.09,9259.60,75,5880.94,10,646.90,89
OP-00112,2026-03-04,South,SO-02,10558.81,12588.89,112,4642.85,11,557.14,82
OP-00113,2026-03-04,South,SO-03,9405.32,12588.89,109,6623.79,11,397.42,76
OP-00114,2026-03-04,South,SO-04,8695.49,7803.03,72,7366.65,8,662.99,76
OP-00115,2026-03-04,South,SO-05,10913.73,9467.68,77,7552.36,10,453.14,92
OP-00116,2026-03-05,South,SO-01,6743.44,11236.36,81,6376.18,12,573.85,86
OP-00117,2026-03-05,South,SO-02,9227.87,8219.19,78,6871.41,9,343.57,88
OP-00118,2026-03-05,South,SO-03,9937.70,8635.35,117,5571.42,8,668.57,85
OP-00119,2026-03-05,South,SO-04,8074.38,8323.23,102,4766.66,11,571.99,93
OP-00120,2026-03-05,South,SO-05,7630.74,9675.76,115,7057.13,10,846.85,88
OP-00121,2026-03-06,South,SO-01,9671.51,11652.53,86,7676.17,7,921.14,93
OP-00122,2026-03-06,South,SO-02,9582.78,10091.92,90,4952.37,8,594.28,83
OP-00123,2026-03-06,South,SO-03,11091.19,7803.03,112,7180.94,8,574.47,77
OP-00124,2026-03-06,South,SO-04,7542.01,11236.36,87,7676.17,8,844.37,95
OP-00125,2026-03-06,South,SO-05,11002.46,8531.31,104,6871.41,8,343.57,95
OP-00126,2026-03-09,South,SO-01,11091.19,11236.36,106,5633.32,9,281.66,81
OP-00127,2026-03-09,South,SO-02,10470.08,8011.11,76,6190.46,8,557.14,92
OP-00128,2026-03-09,South,SO-03,6654.71,8843.43,100,6438.08,8,386.28,79
OP-00129,2026-03-09,South,SO-04,10381.35,11340.40,117,4642.85,11,232.14,76
OP-00130,2026-03-09,South,SO-05,8872.95,11652.53,90,5757.13,7,402.99,76
OP-00131,2026-03-10,South,SO-01,11091.19,8635.35,114,6004.75,7,540.42,78
OP-00132,2026-03-10,South,SO-02,9227.87,10508.08,95,4766.66,11,524.33,76
OP-00133,2026-03-10,South,SO-03,7453.28,9675.76,86,5138.08,7,616.56,96
OP-00134,2026-03-10,South,SO-04,7453.28,8115.15,88,6623.79,9,596.14,78
OP-00135,2026-03-10,South,SO-05,10825.00,8323.23,88,6995.22,9,559.61,91
OP-00136,2026-03-11,South,SO-01,6743.44,10404.04,80,5261.89,8,420.95,77
OP-00137,2026-03-11,South,SO-02,9405.32,12901.01,100,5880.94,10,470.47,83
OP-00138,2026-03-11,South,SO-03,8695.49,13005.05,77,6004.75,11,420.33,83
OP-00139,2026-03-11,South,SO-04,8695.49,11028.28,97,7180.94,9,574.47,85
OP-00140,2026-03-11,South,SO-05,8872.95,9675.76,75,4952.37,9,445.71,78
OP-00141,2026-03-12,South,SO-01,10292.62,8115.15,113,7614.27,7,380.71,93
OP-00142,2026-03-12,South,SO-02,7542.01,9467.68,88,5695.22,10,683.42,92
OP-00143,2026-03-12,South,SO-03,8606.76,9051.52,109,7738.08,7,773.80,86
OP-00144,2026-03-12,South,SO-04,9227.87,10716.16,81,6871.41,7,549.71,81
OP-00145,2026-03-12,South,SO-05,6654.71,10404.04,90,6128.56,8,306.42,77
OP-00146,2026-03-13,South,SO-01,8340.57,10612.12,71,5199.99,12,519.99,76
OP-00147,2026-03-13,South,SO-02,9671.51,10195.96,75,4704.75,11,564.57,83
OP-00148,2026-03-13,South,SO-03,10558.81,7907.07,91,6314.27,11,694.56,89
OP-00149,2026-03-13,South,SO-04,9139.14,11548.49,118,5509.51,10,385.66,94
OP-00150,2026-03-13,South,SO-05,8606.76,12796.97,100,6995.22,7,769.47,88
OP-00151,2026-03-16,South,SO-01,7009.63,12380.81,116,7490.46,8,599.23,91
OP-00152,2026-03-16,South,SO-02,7187.09,12484.85,99,6128.56,8,428.99,80
OP-00153,2026-03-16,South,SO-03,9227.87,12796.97,77,5819.03,9,407.33,90
OP-00154,2026-03-16,South,SO-04,9760.24,9051.52,90,5509.51,10,495.85,76
OP-00155,2026-03-16,South,SO-05,7896.92,7907.07,97,6314.27,10,378.85,91
OP-00156,2026-03-17,South,SO-01,8163.11,12276.77,99,4828.56,8,579.42,89
OP-00157,2026-03-17,South,SO-02,7542.01,11340.40,100,6128.56,10,735.42,83
OP-00158,2026-03-17,South,SO-03,10736.27,8531.31,102,7676.17,11,690.85,78
OP-00159,2026-03-17,South,SO-04,7630.74,9259.60,118,5757.13,7,460.57,93
OP-00160,2026-03-17,South,SO-05,9582.78,8635.35,85,6252.37,11,375.14,92
OP-00161,2026-03-18,South,SO-01,8961.68,12380.81,103,4828.56,8,386.28,92
OP-00162,2026-03-18,South,SO-02,10292.62,12588.89,72,6190.46,11,680.95,84
OP-00163,2026-03-18,South,SO-03,7098.36,10508.08,101,7490.46,7,674.14,95
OP-00164,2026-03-18,South,SO-04,11091.19,11756.57,101,7552.36,12,906.28,84
OP-00165,2026-03-18,South,SO-05,8429.30,11964.65,75,5323.80,10,319.42,96
OP-00166,2026-03-19,South,SO-01,10470.08,9571.72,73,7057.13,9,493.99,85
OP-00167,2026-03-19,South,SO-02,7985.65,8843.43,87,5076.18,11,507.61,95
OP-00168,2026-03-19,South,SO-03,9050.41,11756.57,71,6499.98,12,649.99,77
OP-00169,2026-03-19,South,SO-04,8518.03,10195.96,105,6252.37,11,562.71,88
OP-00170,2026-03-19,South,SO-05,6743.44,11236.36,88,7676.17,8,921.14,87
OP-00171,2026-03-20,South,SO-01,9671.51,10091.92,106,7614.27,7,456.85,94
OP-00172,2026-03-20,South,SO-02,10292.62,8115.15,82,7490.46,9,749.04,95
OP-00173,2026-03-20,South,SO-03,7009.63,11132.32,114,7428.55,12,445.71,94
OP-00174,2026-03-20,South,SO-04,7364.55,13005.05,105,7676.17,11,383.80,76
OP-00175,2026-03-20,South,SO-05,9937.70,10091.92,105,4704.75,7,235.23,84
OP-00176,2026-03-23,South,SO-01,9848.97,9675.76,90,6376.18,11,573.85,93
OP-00177,2026-03-23,South,SO-02,8872.95,9051.52,111,6004.75,8,300.23,86
OP-00178,2026-03-23,South,SO-03,9671.51,12276.77,103,4704.75,9,329.33,94
OP-00179,2026-03-23,South,SO-04,10115.16,9987.88,84,7490.46,10,674.14,77
OP-00180,2026-03-23,South,SO-05,9582.78,11340.40,80,5323.80,8,319.42,80
OP-00181,2026-03-24,South,SO-01,6743.44,10924.24,97,4890.46,9,391.23,86
OP-00182,2026-03-24,South,SO-02,8251.84,8011.11,115,7057.13,9,705.71,83
OP-00183,2026-03-24,South,SO-03,7896.92,12901.01,119,6128.56,12,490.28,91
OP-00184,2026-03-24,South,SO-04,10825.00,9051.52,91,5138.08,7,308.28,76
OP-00185,2026-03-24,South,SO-05,8784.22,8739.39,110,7180.94,8,646.28,76
OP-00186,2026-03-25,South,SO-01,7275.82,11340.40,105,5757.13,9,345.42,86
OP-00187,2026-03-25,South,SO-02,10647.54,8219.19,71,4952.37,8,396.18,95
OP-00188,2026-03-25,South,SO-03,7808.19,9467.68,88,5261.89,10,473.57,81
OP-00189,2026-03-25,South,SO-04,9848.97,11964.65,84,4704.75,11,517.52,95
OP-00190,2026-03-25,South,SO-05,10736.27,8011.11,100,6252.37,8,687.76,88
OP-00191,2026-03-26,South,SO-01,10115.16,12380.81,103,6376.18,8,446.33,91
OP-00192,2026-03-26,South,SO-02,10470.08,10612.12,93,6933.32,10,831.99,94
OP-00193,2026-03-26,South,SO-03,8784.22,11548.48,89,5199.99,8,467.99,80
OP-00194,2026-03-26,South,SO-04,11091.19,9571.72,96,7242.84,7,579.42,83
OP-00195,2026-03-26,South,SO-05,7719.46,9259.60,118,7676.17,9,767.61,93
OP-00196,2026-03-27,South,SO-01,9937.70,8011.11,117,7180.94,11,574.47,85
OP-00197,2026-03-27,South,SO-02,7542.01,8323.23,93,4828.56,8,531.14,85
OP-00198,2026-03-27,South,SO-03,9760.24,11652.53,75,7738.08,10,773.80,92
OP-00199,2026-03-27,South,SO-04,11002.46,8011.11,81,7304.74,11,803.52,93
OP-00200,2026-03-27,South,SO-05,10115.16,13005.05,103,6066.65,9,545.99,88
OP-00201,2026-03-02,East,EA-01,11294.96,11544.10,71,6837.28,12,820.47,96
OP-00202,2026-03-02,East,EA-02,9241.33,12574.83,118,7795.78,8,857.53,84
OP-00203,2026-03-02,East,EA-03,10454.84,8348.86,82,7412.38,8,518.86,92
OP-00204,2026-03-02,East,EA-04,8961.29,8658.08,97,6070.49,9,546.34,84
OP-00205,2026-03-02,East,EA-05,7747.78,9791.87,111,7540.18,11,603.21,91
OP-00206,2026-03-03,East,EA-01,9054.64,8039.64,89,7987.48,8,559.12,85
OP-00207,2026-03-03,East,EA-02,8681.25,12884.04,98,4984.19,10,548.26,91
OP-00208,2026-03-03,East,EA-03,7841.13,12059.47,92,5750.99,10,287.54,83
OP-00209,2026-03-03,East,EA-04,11014.92,8142.72,75,6389.98,8,638.99,80
OP-00210,2026-03-03,East,EA-05,7654.44,12368.68,102,5623.19,12,281.15,89
OP-00211,2026-03-04,East,EA-01,9241.33,12471.75,102,5942.69,11,297.13,95
OP-00212,2026-03-04,East,EA-02,9428.02,12059.47,86,5111.99,8,357.83,96
OP-00213,2026-03-04,East,EA-03,7747.78,12780.97,109,6965.08,9,626.85,84
OP-00214,2026-03-04,East,EA-04,7561.09,8658.08,108,7859.68,12,628.77,89
OP-00215,2026-03-04,East,EA-05,9147.98,10822.60,106,5942.69,8,713.12,95
OP-00216,2026-03-05,East,EA-01,8214.52,11441.03,98,4856.39,11,339.94,76
OP-00217,2026-03-05,East,EA-02,10454.84,9585.73,75,7859.68,12,943.16,76
OP-00218,2026-03-05,East,EA-03,11294.96,9791.87,96,7348.48,8,808.33,86
OP-00219,2026-03-05,East,EA-04,8961.29,11131.81,106,6326.08,10,506.08,95
OP-00220,2026-03-05,East,EA-05,7187.70,10513.38,105,6389.98,11,766.79,79
OP-00221,2026-03-06,East,EA-01,7841.13,8142.72,94,5111.99,9,460.07,88
OP-00222,2026-03-06,East,EA-02,11294.96,11853.32,83,6517.78,10,325.88,95
OP-00223,2026-03-06,East,EA-03,11014.92,11131.81,96,6006.59,8,420.46,81
OP-00224,2026-03-06,East,EA-04,9241.33,11853.32,81,5687.09,12,682.45,81
OP-00225,2026-03-06,East,EA-05,11575.00,12780.97,73,5303.69,12,424.29,95
OP-00226,2026-03-09,East,EA-01,11668.35,11956.39,90,7284.58,8,582.76,80
OP-00227,2026-03-09,East,EA-02,8027.82,12368.68,71,7987.48,10,798.74,79
OP-00228,2026-03-09,East,EA-03,11108.27,11956.39,112,7604.08,10,608.32,79
OP-00229,2026-03-09,East,EA-04,9147.98,10307.24,108,5495.39,10,604.49,90
OP-00230,2026-03-09,East,EA-05,9894.76,9688.80,111,5175.89,7,517.58,81
OP-00231,2026-03-10,East,EA-01,7001.01,8555.01,118,6198.29,10,495.86,89
OP-00232,2026-03-10,East,EA-02,7187.70,11853.32,96,6006.59,8,420.46,86
OP-00233,2026-03-10,East,EA-03,7467.74,9070.37,92,7667.98,10,383.39,76
OP-00234,2026-03-10,East,EA-04,7841.13,12884.04,103,5367.59,12,644.11,90
OP-00235,2026-03-10,East,EA-05,10174.80,10410.31,76,6709.48,11,536.75,92
OP-00236,2026-03-11,East,EA-01,11014.92,11131.81,79,7220.68,12,794.27,95
OP-00237,2026-03-11,East,EA-02,10921.57,12471.75,90,7348.48,10,808.33,92
OP-00238,2026-03-11,East,EA-03,10921.57,11028.74,104,7795.78,12,779.57,91
OP-00239,2026-03-11,East,EA-04,7934.48,11956.39,111,7156.78,10,357.83,95
OP-00240,2026-03-11,East,EA-05,10641.53,7730.43,90,5878.79,9,352.72,92
OP-00241,2026-03-12,East,EA-01,9054.64,8245.79,110,6517.78,11,456.24,85
OP-00242,2026-03-12,East,EA-02,10361.49,10616.45,108,7028.98,8,843.47,88
OP-00243,2026-03-12,East,EA-03,8027.82,11028.74,80,6517.78,11,782.13,95
OP-00244,2026-03-12,East,EA-04,8401.21,10616.45,112,5878.79,11,529.09,84
OP-00245,2026-03-12,East,EA-05,7467.74,8864.22,79,6070.49,10,364.22,80
OP-00246,2026-03-13,East,EA-01,11201.61,10101.09,78,7220.68,11,649.86,96
OP-00247,2026-03-13,East,EA-02,8307.86,9070.37,96,5878.79,11,646.66,81
OP-00248,2026-03-13,East,EA-03,10268.15,12677.90,108,5814.89,8,697.78,83
OP-00249,2026-03-13,East,EA-04,7467.74,10101.09,106,6262.18,9,563.59,82
OP-00250,2026-03-13,East,EA-05,7747.78,9688.80,104,6198.28,8,681.81,93
OP-00251,2026-03-16,East,EA-01,11294.96,12368.68,105,6326.08,11,569.34,90
OP-00252,2026-03-16,East,EA-02,10641.53,12574.83,93,4984.19,12,348.89,86
OP-00253,2026-03-16,East,EA-03,9988.10,9688.80,74,7412.38,10,592.99,93
OP-00254,2026-03-16,East,EA-04,9054.64,9482.66,115,5750.99,8,517.58,96
OP-00255,2026-03-16,East,EA-05,8774.60,8555.01,73,5495.39,8,549.53,78
OP-00256,2026-03-17,East,EA-01,10361.49,9173.44,98,6198.28,10,681.81,93
OP-00257,2026-03-17,East,EA-02,9988.10,9173.44,83,6006.59,8,720.79,91
OP-00258,2026-03-17,East,EA-03,7374.39,7730.43,75,6453.88,11,451.77,77
OP-00259,2026-03-17,East,EA-04,9521.37,8245.79,81,7348.48,8,881.81,95
OP-00260,2026-03-17,East,EA-05,9988.10,9276.51,107,6709.48,10,805.13,89
OP-00261,2026-03-18,EAST,EA-01,8121.17,11441.03,107,5367.59,9,429.40,90
OP-00262,2026-03-18,East,EA-02,11575.00,10822.60,96,7412.38,11,592.99,81
OP-00263,2026-03-18,East,EA-03,8214.52,9688.80,90,6134.39,10,490.75,85
OP-00264,2026-03-18,East,EA-04,8401.21,12059.46,113,7348.48,11,587.87,89
OP-00265,2026-03-18,East,EA-05,10454.84,9173.44,94,5942.69,7,356.56,91
OP-00266,2026-03-19,East,EA-01,8774.60,9585.73,115,7220.68,10,361.03,83
OP-00267,2026-03-19,East,EA-02,7001.01,10410.31,103,7412.38,9,370.61,82
OP-00268,2026-03-19,East,EA-03,7281.05,8039.64,94,7667.98,11,690.11,86
OP-00269,2026-03-19,East,EA-04,9801.41,12059.46,108,6645.58,7,598.10,87
OP-00270,2026-03-19,East,EA-05,11108.27,10101.09,94,7412.38,9,889.48,90
OP-00271,2026-03-20,East,EA-01,8681.25,7833.50,102,6709.48,11,402.56,85
OP-00272,2026-03-20,East,EA-02,10454.84,10307.24,98,6517.78,12,521.42,81
OP-00273,2026-03-20,East,EA-03,8121.17,8967.29,74,7731.88,10,773.18,92
OP-00274,2026-03-20,East,EA-04,7094.35,10925.67,117,4792.49,8,575.09,84
OP-00275,2026-03-20,East,EA-05,9988.10,8348.86,85,6262.18,10,688.83,92
OP-00276,2026-03-23,East,EA-01,7934.48,11131.81,108,5750.99,12,345.05,83
OP-00277,2026-03-23,East,EA-02,8214.52,7833.50,113,5239.79,12,261.98,95
OP-00278,2026-03-23,East,EA-03,7094.35,11028.74,77,6262.18,8,751.46,81
OP-00279,2026-03-23,East,EA-04,8214.52,12780.97,104,5942.69,8,653.69,87
OP-00280,2026-03-23,East,EA-05,7094.35,11337.96,105,7987.48,11,638.99,81
OP-00281,2026-03-24,East,EA-01,10174.80,9585.73,110,5623.19,8,449.85,85
OP-00282,2026-03-24,East,EA-02,11108.27,11131.81,84,7859.68,11,628.77,84
OP-00283,2026-03-24,East,EA-03,9334.68,9276.51,81,7604.08,7,532.28,94
OP-00284,2026-03-24,East,EA-04,8867.94,8348.86,74,6006.59,9,720.79,88
OP-00285,2026-03-24,East,EA-05,8307.86,12471.75,88,6965.08,11,417.90,96
OP-00286,2026-03-25,East,EA-01,9334.68,12574.83,116,4984.19,8,398.73,96
OP-00287,2026-03-25,East,EA-02,9428.02,10616.45,91,6581.68,12,658.16,80
OP-00288,2026-03-25,East,EA-03,10174.80,8967.29,71,6453.88,9,774.46,95
OP-00289,2026-03-25,East,EA-04,10268.14,8555.01,87,6134.39,10,613.43,87
OP-00290,2026-03-25,East,EA-05,9521.37,10307.24,115,6645.58,10,664.55,77
OP-00291,2026-03-26,East,EA-01,10174.80,9173.44,109,6581.68,12,789.80,79
OP-00292,2026-03-26,East,EA-02,8774.60,11956.39,101,7220.68,9,794.27,76
OP-00293,2026-03-26,East,EA-03,10921.57,9894.95,107,7348.48,11,367.42,91
OP-00294,2026-03-26,East,EA-04,8774.60,11956.39,107,5111.99,12,511.19,76
OP-00295,2026-03-26,East,EA-05,11388.31,9791.87,111,5048.09,10,605.77,81
OP-00296,2026-03-27,East,EA-01,8681.25,11441.03,114,6326.08,12,632.60,80
OP-00297,2026-03-27,East,EA-02,8401.21,10307.24,109,6453.88,11,322.69,84
OP-00298,2026-03-27,East,EA-03,11668.35,8039.64,117,5623.19,12,393.62,96
OP-00299,2026-03-27,East,EA-04,11388.31,8967.29,105,7859.68,12,471.58,95
OP-00300,2026-03-27,East,EA-05,7281.05,12677.90,117,7412.38,8,370.61,79
OP-00301,2026-03-02,West,WE-01,7046.11,8507.91,108,8086.01,12,889.46,79
OP-00302,2026-03-02,West,WE-02,8622.22,12139.33,114,7158.11,9,644.22,87
OP-00303,2026-03-02,West,WE-03,9734.76,12346.84,125,8086.01,9,566.02,85
OP-00304,2026-03-02,West,WE-04,8344.08,11205.53,75,7887.17,11,867.58,96
OP-00305,2026-03-02,West,WE-05,8436.79,12969.37,121,5965.09,13,298.25,86
OP-00306,2026-03-03,West,WE-01,7787.81,11724.31,95,7356.94,12,514.98,76
OP-00307,2026-03-03,West,WE-02,8622.22,8922.93,112,7423.22,12,593.85,87
OP-00308,2026-03-03,West,WE-03,11403.58,9752.96,117,5501.14,13,605.12,89
OP-00309,2026-03-03,West,WE-04,7138.82,10479.25,79,8218.57,12,410.92,78
OP-00310,2026-03-03,West,WE-05,9178.49,8922.93,105,5169.74,12,516.97,85
OP-00311,2026-03-04,West,WE-01,8065.94,11931.82,92,5898.81,13,530.89,80
OP-00312,2026-03-04,West,WE-02,11125.44,11205.53,111,5567.42,11,612.41,93
OP-00313,2026-03-04,West,WE-03,8714.93,12865.61,90,7290.67,12,729.06,87
OP-00314,2026-03-04,West,WE-04,8622.22,11413.04,100,7887.17,11,394.35,95
OP-00315,2026-03-04,West,WE-05,10661.88,8404.15,75,8086.01,12,485.16,80
OP-00316,2026-03-05,West,WE-01,11032.73,7885.38,85,6959.27,12,417.55,92
OP-00317,2026-03-05,West,WE-02,8900.35,12243.08,125,5302.30,10,318.13,82
OP-00318,2026-03-05,West,WE-03,9734.76,12658.10,79,8086.01,10,727.74,89
OP-00319,2026-03-05,West,WE-04,8065.94,11101.78,89,5633.70,10,338.02,76
OP-00320,2026-03-05,West,WE-05,7880.52,12450.59,86,7820.90,9,625.67,92
OP-00321,2026-03-06,West,WE-01,10105.61,8922.93,113,8019.73,13,400.98,78
OP-00322,2026-03-06,West,WE-02,11125.44,9649.21,81,5037.19,13,302.23,94
OP-00323,2026-03-06,West,WE-03,8065.94,9545.45,102,7290.67,13,801.97,77
OP-00324,2026-03-06,West,WE-04,10383.74,10998.02,111,6031.37,9,723.76,85
OP-00325,2026-03-06,West,WE-05,10105.61,11101.78,110,6561.60,9,590.54,84
OP-00326,2026-03-09,West,WE-01,10383.74,8196.64,80,5037.19,8,604.46,88
OP-00327,2026-03-09,West,WE-02,8714.93,9441.70,87,6826.71,12,546.13,86
OP-00328,2026-03-09,West,WE-03,6953.40,12865.61,123,7091.83,9,638.26,96
OP-00329,2026-03-09,West,WE-04,10476.46,10583.00,91,6163.93,12,739.67,88
OP-00330,2026-03-09,West,WE-05,8158.66,12243.08,96,5236.02,9,418.88,84
OP-00331,2026-03-10,West,WE-01,11310.86,11931.82,98,6760.44,12,676.04,90
OP-00332,2026-03-10,West,WE-02,10569.17,11931.82,77,7356.94,8,809.26,88
OP-00333,2026-03-10,West,WE-03,7787.81,9649.21,110,7887.17,11,394.35,87
OP-00334,2026-03-10,West,WE-04,7324.25,9649.21,105,4970.91,12,347.96,87
OP-00335,2026-03-10,West,WE-05,11125.44,12243.08,84,6959.27,8,487.14,89
OP-00336,2026-03-11,West,WE-01,10847.30,10375.49,86,6230.20,10,623.02,83
OP-00337,2026-03-11,West,WE-02,9734.76,9130.44,87,7091.83,13,354.59,94
OP-00338,2026-03-11,West,WE-03,8900.35,8507.91,103,6429.04,11,771.48,95
OP-00339,2026-03-11,West,WE-04,7324.25,9752.96,121,5236.02,9,366.52,81
OP-00340,2026-03-11,West,WE-05,11310.86,11620.55,95,4970.91,8,596.50,79
OP-00341,2026-03-12,West,WE-01,9827.47,12139.33,79,6760.43,13,676.04,92
OP-00342,2026-03-12,West,WE-02,10569.17,11516.80,76,7423.22,8,445.39,86
OP-00343,2026-03-12,West,WE-03,8714.93,10167.98,119,6892.99,10,413.57,90
OP-00344,2026-03-12,West,WE-04,9178.49,12139.33,76,7290.67,9,729.06,96
OP-00345,2026-03-12,West,WE-05,10569.17,11724.31,108,7356.94,9,882.83,87
OP-00346,2026-03-13,West,WE-01,9456.62,9130.44,118,6163.93,8,616.39,91
OP-00347,2026-03-13,West,WE-02,10476.46,8196.64,124,5236.02,13,261.80,83
OP-00348,2026-03-13,West,WE-03,8344.08,11309.29,99,6163.93,12,431.47,91
OP-00349,2026-03-13,West,WE-04,8529.50,9337.94,109,5302.30,11,530.23,93
OP-00350,2026-03-13,West,WE-05,10291.03,10998.02,87,6031.37,13,663.45,92
OP-00351,2026-03-16,West,WE-01,7509.67,12554.35,89,6561.60,11,590.54,80
OP-00352,2026-03-16,West,WE-02,9920.18,10271.74,102,5302.30,12,530.23,77
OP-00353,2026-03-16,West,WE-03,10940.02,8196.64,84,6826.71,11,682.67,83
OP-00354,2026-03-16,West,WE-04,10569.17,10271.74,85,6826.71,10,341.33,92
OP-00355,2026-03-16,West,WE-05,10661.88,12658.10,107,7025.55,9,702.55,92
OP-00356,2026-03-17,West,WE-01,9363.91,12761.86,91,7423.22,12,445.39,92
OP-00357,2026-03-17,West,WE-02,10754.59,10894.27,101,8086.01,11,646.88,85
OP-00358,2026-03-17,West,WE-03,9734.76,12450.59,120,5236.02,11,628.32,82
OP-00359,2026-03-17,West,WE-04,9363.91,8092.89,86,6230.20,10,623.02,94
OP-00360,2026-03-17,West,WE-05,6953.40,10686.76,125,6362.76,9,318.13,89
OP-00361,2026-03-18,West,WE-01,8993.06,11205.53,84,6495.32,9,584.57,86
OP-00362,2026-03-18,West,WE-02,10291.03,9856.72,115,7489.50,12,599.16,91
OP-00363,2026-03-18,West,WE-03,9920.18,8300.40,87,5965.09,9,596.50,78
OP-00364,2026-03-18,West,WE-04,10476.46,12658.10,96,7622.06,8,838.42,89
OP-00365,2026-03-18,West,WE-05,7324.25,10790.51,91,6561.60,10,590.54,94
OP-00366,2026-03-19,West,WE-01,11125.44,9441.70,79,4970.91,11,298.25,95
OP-00367,2026-03-19,West,WE-02,7509.67,10583.00,110,7754.62,12,697.91,84
OP-00368,2026-03-19,West,WE-03,7602.38,9130.43,89,7820.90,10,938.50,85
OP-00369,2026-03-19,West,WE-04,11589.00,12969.37,87,7224.39,8,794.68,91
OP-00370,2026-03-19,West,WE-05,8622.22,11828.06,94,7356.94,9,662.12,80
OP-00371,2026-03-20,West,WE-01,10383.74,8922.93,76,5368.58,9,536.85,81
OP-00372,2026-03-20,West,WE-02,10940.02,9960.47,83,6362.76,10,381.76,80
OP-00373,2026-03-20,West,WE-03,11218.15,8507.91,126,7555.78,13,528.90,89
OP-00374,2026-03-20,West,WE-04,9827.47,11101.78,112,6031.37,12,301.56,87
OP-00375,2026-03-20,West,WE-05,8622.22,10167.98,99,5368.58,10,268.42,78
OP-00376,2026-03-23,West,WE-01,8251.37,10894.27,117,7158.11,10,787.39,76
OP-00377,2026-03-23,West,WE-02,11125.44,11724.31,116,7953.45,8,477.20,88
OP-00378,2026-03-23,West,WE-03,11403.58,8300.40,93,8152.29,9,407.61,76
OP-00379,2026-03-23,West,WE-04,11310.86,10894.27,116,6230.20,9,311.51,95
OP-00380,2026-03-23,West,WE-05,8900.35,11931.82,98,6097.65,9,731.71,88
OP-00381,2026-03-24,West,WE-01,11310.86,10998.02,99,7224.39,10,361.21,83
OP-00382,2026-03-24,West,WE-02,7046.11,8507.91,108,8284.85,9,828.48,87
OP-00383,2026-03-24,West,WE-03,10754.59,11205.53,115,8086.01,8,646.88,86
OP-00384,2026-03-24,West,WE-04,8714.93,8404.15,111,7356.94,9,367.84,89
OP-00385,2026-03-24,West,WE-05,8993.06,7885.38,79,7887.17,12,473.23,94
OP-00386,2026-03-25,West,WE-01,10847.30,7989.13,121,7158.11,11,429.48,83
OP-00387,2026-03-25,West,WE-02,8900.35,9130.43,126,5434.86,13,326.09,81
OP-00388,2026-03-25,West,WE-03,11496.29,10998.02,79,7953.45,13,715.81,93
OP-00389,2026-03-25,West,WE-04,10754.59,11101.78,111,7555.78,13,755.57,86
OP-00390,2026-03-25,West,WE-05,7138.82,9752.96,89,7887.17,8,394.35,76
OP-00391,2026-03-26,West,WE-01,10012.90,11309.29,90,8284.85,13,994.18,96
OP-00392,2026-03-26,West,WE-02,11310.86,11828.06,78,6230.20,13,498.41,76
OP-00393,2026-03-26,West,WE-03,8529.50,12761.86,115,5832.53,12,466.60,90
OP-00394,2026-03-26,West,WE-04,7324.25,9026.68,105,6694.16,11,401.64,86
OP-00395,2026-03-26,West,WE-05,8714.93,10064.23,114,6429.04,12,707.19,96
OP-00396,2026-03-27,West,WE-01,10940.02,8507.91,113,5633.70,11,676.04,96
OP-00397,2026-03-27,West,WE-02,9549.34,8819.17,119,6495.32,8,649.53,91
OP-00398,2026-03-27,West,WE-03,7880.52,12139.33,89,7025.55,10,772.81,86
OP-00399,2026-03-27,West,WE-04,11403.57,9441.70,97,7754.62,8,853.00,90
OP-00400,2026-03-27,West,WE-05,10383.74,7989.13,96,5965.09,13,477.20,91
OP-00401,2026-03-02,Central,CE-01,11282.76,8526.63,102,8098.37,10,404.91,86
OP-00402,2026-03-02,Central,CE-02,10688.93,12520.11,106,6549.12,10,785.89,86
OP-00403,2026-03-02,Central,CE-03,7620.81,11332.86,110,5985.75,11,359.14,96
OP-00404,2026-03-02,Central,CE-04,9006.41,9605.95,80,6830.80,13,614.77,88
OP-00405,2026-03-02,Central,CE-05,8115.67,11872.52,77,6901.22,11,552.09,89
OP-00406,2026-03-03,Central,CE-01,12074.53,8418.70,107,8661.73,9,519.70,90
OP-00407,2026-03-03,Central,CE-02,9006.41,12088.38,87,5351.97,9,321.11,92
OP-00408,2026-03-03,Central,CE-03,9303.33,8310.76,111,8098.37,8,485.90,92
OP-00409,2026-03-03,Central,CE-04,10392.02,8958.36,96,5633.65,14,676.03,94
OP-00410,2026-03-03,Central,CE-05,10886.88,12196.31,113,6337.85,11,507.02,95
OP-00411,2026-03-04,Central,CE-01,10886.88,11332.86,110,7253.32,12,507.73,94
OP-00412,2026-03-04,Central,CE-02,7917.73,10577.33,117,6056.17,11,302.80,80
OP-00413,2026-03-04,Central,CE-03,7719.78,13059.77,118,7957.53,12,875.32,80
OP-00414,2026-03-04,Central,CE-04,11381.73,11332.86,87,7112.48,9,426.74,84
OP-00415,2026-03-04,Central,CE-05,12272.48,11116.99,91,8802.58,13,1056.30,76
OP-00416,2026-03-05,Central,CE-01,7818.76,10037.67,121,6056.17,12,363.37,86
OP-00417,2026-03-05,Central,CE-02,9303.33,8958.36,120,5422.39,13,650.68,89
OP-00418,2026-03-05,Central,CE-03,7521.84,11116.99,81,6760.38,14,405.62,81
OP-00419,2026-03-05,Central,CE-04,8709.50,9713.88,91,8380.05,11,586.60,95
OP-00420,2026-03-05,Central,CE-05,7620.81,11980.45,108,5492.81,9,604.20,86
OP-00421,2026-03-06,Central,CE-01,9699.22,13059.77,81,8732.16,13,1047.85,87
OP-00422,2026-03-06,Central,CE-02,8016.70,12304.25,80,6549.12,13,589.42,96
OP-00423,2026-03-06,Central,CE-03,7422.87,11009.06,127,5774.49,11,577.44,77
OP-00424,2026-03-06,Central,CE-04,8115.67,8958.35,109,5985.75,12,658.43,95
OP-00425,2026-03-06,Central,CE-05,9501.27,9390.08,113,5422.39,14,650.68,85
OP-00426,2026-03-09,Central,CE-01,10985.85,11548.72,113,7675.85,11,383.79,85
OP-00427,2026-03-09,Central,CE-02,7917.73,10469.40,91,5915.33,11,650.68,91
OP-00428,2026-03-09,Central,CE-03,11084.82,10685.27,120,5281.55,10,580.97,86
OP-00429,2026-03-09,Central,CE-04,9996.13,11440.79,112,7394.16,12,369.70,86
OP-00430,2026-03-09,Central,CE-05,9897.16,11116.99,119,5985.75,11,299.28,92
OP-00431,2026-03-10,Central,CE-01,7917.73,11980.45,123,6408.27,9,384.49,84
OP-00432,2026-03-10,Central,CE-02,8313.61,12628.04,116,6267.43,11,501.39,88
OP-00433,2026-03-10,Central,CE-03,12272.48,9713.88,103,8591.31,12,1030.95,76
OP-00434,2026-03-10,Central,CE-04,10392.02,10037.67,119,6689.96,10,802.79,89
OP-00435,2026-03-10,Central,CE-05,9501.27,10145.61,111,7535.00,9,828.85,86
OP-00436,2026-03-11,Central,CE-01,9402.30,8202.83,90,5281.55,12,580.97,80
OP-00437,2026-03-11,Central,CE-02,8313.61,11009.06,123,7042.06,11,704.20,76
OP-00438,2026-03-11,Central,CE-03,8709.50,8526.63,102,7535.00,12,376.75,93
OP-00439,2026-03-11,Central,CE-04,10787.90,13383.57,105,8168.79,12,653.50,83
OP-00440,2026-03-11,Central,CE-05,7422.87,9174.22,105,6267.43,13,438.72,84
OP-00441,2026-03-12,Central,CE-01,7818.76,10037.67,84,8450.47,9,591.53,79
OP-00442,2026-03-12,Central,CE-02,7521.84,8634.56,112,7816.69,11,703.50,85
OP-00443,2026-03-12,Central,CE-03,10589.96,9929.74,94,8027.95,9,642.23,84
OP-00444,2026-03-12,Central,CE-04,11678.65,10685.27,97,5563.23,13,611.95,91
OP-00445,2026-03-12,Central,CE-05,11579.68,8094.90,123,5281.55,13,422.52,90
OP-00446,2026-03-13,Central,CE-01,9006.41,8202.83,113,7605.43,10,836.59,
OP-00447,2026-03-13,Central,CE-02,7620.81,9821.81,106,7323.74,11,512.66,79
OP-00448,2026-03-13,Central,CE-03,7620.81,10685.27,113,5422.39,13,433.79,92
OP-00449,2026-03-13,Central,CE-04,8412.59,12735.97,117,5633.65,11,563.36,79
OP-00450,2026-03-13,Central,CE-05,9402.30,8958.35,124,8098.37,14,890.82,89
OP-00451,2026-03-16,Central,CE-01,8907.44,8526.63,89,7746.27,11,542.23,80
OP-00452,2026-03-16,Central,CE-02,10589.96,8634.56,105,7535.00,11,828.85,84
OP-00453,2026-03-16,Central,CE-03,10589.96,9821.81,99,5281.55,10,422.52,78
OP-00454,2026-03-16,Central,CE-04,12371.45,8202.83,85,6619.54,13,330.97,81
OP-00455,2026-03-16,Central,CE-05,11084.82,12520.11,115,8239.21,14,741.52,94
OP-00456,2026-03-17,Central,CE-01,9897.16,12196.31,124,7605.43,9,836.59,96
OP-00457,2026-03-17,Central,CE-02,9798.19,9821.81,87,7605.43,11,684.48,83
OP-00458,2026-03-17,Central,CE-03,11579.68,10361.47,87,7535.00,11,828.85,85
OP-00459,2026-03-17,Central,CE-04,7521.84,12628.04,104,7816.69,8,625.33,91
OP-00460,2026-03-17,Central,CE-05,7620.81,9713.88,78,8450.47,10,760.54,80
OP-00461,2026-03-18,Central,CE-01,10886.88,10901.13,109,6619.54,12,794.34,86
OP-00462,2026-03-18,Central,CE-02,10886.88,9390.08,104,6689.96,12,735.89,90
OP-00463,2026-03-18,Central,CE-03,11876.59,9713.88,96,8098.37,9,971.80,94
OP-00464,2026-03-18,Central,CE-04,10095.10,11009.06,91,7816.69,13,469.00,91
OP-00465,2026-03-18,Central,CE-05,9303.33,11764.59,112,6549.12,10,523.92,82
OP-00466,2026-03-19,Central,CE-01,8907.44,11980.45,86,6689.96,14,735.89,89
OP-00467,2026-03-19,Central,CE-02,8709.50,12951.84,85,5351.97,10,428.15,78
OP-00468,2026-03-19,Central,CE-03,10293.05,12628.04,110,7394.16,13,517.59,86
OP-00469,2026-03-19,Central,CE-04,8907.44,12196.31,95,8168.79,9,816.87,86
OP-00470,2026-03-19,Central,CE-05,10985.85,10685.27,91,7464.58,9,522.52,93
OP-00471,2026-03-20,Central,CE-01,9303.33,11764.59,109,5774.49,12,461.95,79
OP-00472,2026-03-20,Central,CE-02,12371.45,11656.65,82,8380.05,13,670.40,92
OP-00473,2026-03-20,Central,CE-03,10787.90,11332.86,99,7042.06,9,633.78,94
OP-00474,2026-03-20,Central,CE-04,10095.10,11872.52,126,8450.47,13,507.02,90
OP-00475,2026-03-20,Central,CE-05,11975.56,11224.93,88,8591.31,8,773.21,92
OP-00476,2026-03-23,Central,CE-01,9699.22,9498.01,85,7323.74,14,805.61,88
OP-00477,2026-03-23,Central,CE-02,8709.50,12951.84,88,8732.16,14,785.89,84
OP-00478,2026-03-23,Central,CE-03,9897.16,10361.47,87,5563.23,11,445.05,95
OP-00479,2026-03-23,Central,CE-04,8016.70,11764.59,111,7816.69,11,938.00,81
OP-00480,2026-03-23,Central,CE-05,7620.81,10577.33,107,8732.15,11,873.21,81
OP-00481,2026-03-24,Central,CE-01,11876.59,11872.52,125,7957.53,9,795.75,90
OP-00482,2026-03-24,Central,CE-02,8313.61,9929.74,96,7957.53,10,397.87,92
OP-00483,2026-03-24,Central,CE-03,11777.62,10253.54,91,7112.48,9,782.37,87
OP-00484,2026-03-24,Central,CE-04,8214.64,9390.08,107,7675.85,14,460.55,86
OP-00485,2026-03-24,Central,CE-05,10095.10,8418.70,88,7253.32,13,580.26,92
OP-00486,2026-03-25,Central,CE-01,10095.10,11116.99,106,6830.80,13,819.69,92
OP-00487,2026-03-25,Central,CE-02,12371.45,11224.93,97,5633.65,13,507.02,92
OP-00488,2026-03-25,Central,CE-03,11876.59,10793.20,77,6197.01,14,681.67,89
OP-00489,2026-03-25,Central,CE-04,11084.82,9929.74,97,7182.90,12,359.14,90
OP-00490,2026-03-25,Central,CE-05,9699.22,9174.22,80,6760.38,14,473.22,77
OP-00491,2026-03-26,Central,CE-01,10293.05,12304.25,109,6056.17,10,726.74,81
OP-00492,2026-03-26,Central,CE-02,11381.73,10037.67,91,6337.85,13,380.27,86
OP-00493,2026-03-26,Central,CE-03,7620.81,8850.42,99,5985.75,10,658.43,80
OP-00494,2026-03-26,Central,CE-04,12074.53,11116.99,118,7042.06,13,633.78,85
OP-00495,2026-03-26,Central,CE-05,10392.02,8634.56,99,7182.90,11,502.80,92
OP-00496,2026-03-27,Central,CE-01,11480.70,11224.93,104,5844.91,12,350.69,89
OP-00497,2026-03-27,Central,CE-02,8511.56,11440.79,76,7535.00,9,452.10,91
OP-00498,2026-03-27,Central,CE-03,9402.30,11764.59,127,6971.64,9,627.44,79
OP-00499,2026-03-27,Central,CE-04,9402.30,9390.08,123,5281.55,13,316.89,84
OP-00500,2026-03-27,Central,CE-05,10293.05,8850.42,78,7887.11,9,630.96,77
OP-00501,2026-03-02,Coast,CO-01,8860.82,9553.57,84,6829.30,10,682.93,94
OP-00502,2026-03-02,Coast,CO-02,7566.54,12283.16,116,8267.05,14,992.04,76
OP-00503,2026-03-02,Coast,CO-03,12444.97,12913.07,111,7404.40,12,740.44,83
OP-00504,2026-03-02,Coast,CO-04,11847.61,11863.23,110,6901.19,15,690.11,86
OP-00505,2026-03-02,Coast,CO-05,8860.82,8608.71,94,7188.74,14,862.64,93
OP-00506,2026-03-03,Coast,CO-01,7466.98,12703.10,133,8051.39,11,563.59,86
OP-00507,2026-03-03,Coast,CO-02,8263.46,9658.56,99,8410.82,13,504.64,93
OP-00508,2026-03-03,Coast,CO-03,11051.13,8818.68,98,7620.06,10,685.80,89
OP-00509,2026-03-03,Coast,CO-04,11648.49,8923.66,123,6326.09,14,379.56,85
OP-00510,2026-03-03,Coast,CO-05,11250.25,7978.81,102,8770.26,15,789.32,82
OP-00511,2026-03-04,Coast,CO-01,7666.10,12073.19,124,7979.50,12,558.56,81
OP-00512,2026-03-04,Coast,CO-02,10652.89,8713.70,98,5966.65,11,477.33,87
OP-00513,2026-03-04,Coast,CO-03,10354.21,9763.54,110,8842.15,14,618.95,82
OP-00514,2026-03-04,Coast,CO-04,12345.41,7873.82,82,6757.41,10,473.01,80
OP-00515,2026-03-04,Coast,CO-05,11648.49,10603.41,116,6613.64,11,793.63,85
OP-00516,2026-03-05,Coast,CO-01,10652.89,10918.37,103,6757.41,14,743.31,88
OP-00517,2026-03-05,Coast,CO-02,8860.82,10393.45,105,8985.92,11,1078.31,76
OP-00518,2026-03-05,Coast,CO-03,8064.34,8608.71,86,6038.54,14,301.92,90
OP-00519,2026-03-05,Coast,CO-04,10852.01,8608.71,103,8410.82,12,588.75,88
OP-00520,2026-03-05,Coast,CO-05,10652.89,11863.23,93,7116.85,14,640.51,81
OP-00521,2026-03-06,Coast,CO-01,7964.78,12913.07,80,7332.51,10,586.60,77
OP-00522,2026-03-06,Coast,CO-02,11548.93,13123.04,133,6973.08,11,767.03,81
OP-00523,2026-03-06,Coast,CO-03,10155.09,12703.10,89,8914.03,12,445.70,82
OP-00524,2026-03-06,Coast,CO-04,8064.34,12388.15,113,6973.08,14,418.38,88
OP-00525,2026-03-06,Coast,CO-05,12345.41,11863.23,130,5535.33,10,553.53,78
OP-00526,2026-03-09,Coast,CO-01,10951.57,9973.51,93,5463.44,10,655.61,86
OP-00527,2026-03-09,Coast,CO-02,7566.54,10498.43,126,5535.33,11,664.23,83
OP-00528,2026-03-09,Coast,CO-03,9756.85,10603.41,102,6541.75,10,719.59,95
OP-00529,2026-03-09,Coast,CO-04,10752.45,12178.18,100,6326.09,10,442.82,81
OP-00530,2026-03-09,Coast,CO-05,8661.70,9133.63,121,7188.74,15,790.76,81
OP-00531,2026-03-10,Coast,CO-01,8462.58,12388.15,84,5607.22,12,280.36,89
OP-00532,2026-03-10,Coast,CO-02,9955.97,9763.54,121,8554.60,14,598.82,87
OP-00533,2026-03-10,Coast,CO-03,8562.14,8503.73,107,7979.50,12,797.95,79
OP-00534,2026-03-10,Coast,CO-04,8960.38,12178.18,86,7404.40,9,814.48,96
OP-00535,2026-03-10,Coast,CO-05,8263.46,8818.68,128,7548.17,10,452.89,95
OP-00536,2026-03-11,Coast,CO-01,8562.14,8293.76,82,6182.31,11,741.87,96
OP-00537,2026-03-11,Coast,CO-02,9756.85,9343.60,122,8123.27,10,568.62,92
OP-00538,2026-03-11,Coast,CO-03,9756.85,8818.68,122,6901.19,12,828.14,95
OP-00539,2026-03-11,Coast,CO-04,8163.90,11758.24,109,7907.61,10,711.68,86
OP-00540,2026-03-11,Coast,CO-05,9159.50,9448.59,98,7404.40,13,814.48,88
OP-00541,2026-03-12,Coast,CO-01,8761.26,11653.26,103,7835.72,15,705.21,79
OP-00542,2026-03-12,Coast,CO-02,11548.93,9238.62,124,7332.51,9,806.57,87
OP-00543,2026-03-12,Coast,CO-03,9756.85,12388.15,107,8985.92,14,988.45,82
OP-00544,2026-03-12,Coast,CO-04,11847.61,9553.57,102,6757.41,12,675.74,84
OP-00545,2026-03-12,Coast,CO-05,11051.13,8188.77,105,5822.88,14,291.14,86
OP-00546,2026-03-13,Coast,CO-01,11947.17,10183.48,118,8195.16,11,655.61,91
OP-00547,2026-03-13,Coast,CO-02,12444.97,12283.16,92,8914.03,15,802.26,76
OP-00548,2026-03-13,Coast,CO-03,9657.29,12493.13,84,5535.33,12,387.47,83
OP-00549,2026-03-13,Coast,CO-04,9358.61,8818.68,87,8482.71,12,1017.92,83
OP-00550,2026-03-13,Coast,CO-05,8263.46,8188.77,130,7548.17,9,452.89,87
OP-00551,2026-03-16,Coast,CO-01,8661.70,11023.35,110,5750.99,9,575.09,77
OP-00552,2026-03-16,Coast,CO-02,8761.26,8923.66,84,8482.71,10,933.09,87
OP-00553,2026-03-16,Coast,CO-03,9557.73,11863.23,106,5607.21,14,616.79,81
OP-00554,2026-03-16,Coast,CO-04,9358.61,10498.43,100,7260.62,10,435.63,81
OP-00555,2026-03-16,Coast,CO-05,8163.90,11653.26,92,8842.15,10,884.21,76
OP-00556,2026-03-17,Coast,CO-01,10852.01,10078.49,84,6326.09,15,379.56,83
OP-00557,2026-03-17,Coast,CO-02,12046.73,13123.04,102,8770.26,12,964.72,78
OP-00558,2026-03-17,Coast,CO-03,9557.73,10183.48,115,7835.72,11,705.21,86
OP-00559,2026-03-17,Coast,CO-04,12146.29,12073.19,107,6397.98,11,767.75,93
OP-00560,2026-03-17,Coast,CO-05,9756.85,12703.10,80,7620.06,10,609.60,89
OP-00561,2026-03-18,Coast,CO-01,7865.22,11653.26,111,8051.39,11,805.13,82
OP-00562,2026-03-18,Coast,CO-02,11349.81,10918.37,87,6254.20,11,375.25,79
OP-00563,2026-03-18,Coast,CO-03,9358.61,12073.19,104,6541.75,12,523.34,76
OP-00564,2026-03-18,Coast,CO-04,10055.53,10603.41,80,7188.74,9,790.76,92
OP-00565,2026-03-18,Coast,CO-05,9259.05,9973.51,99,7763.84,14,931.66,77
OP-00566,2026-03-19,Coast,CO-01,8860.82,9658.55,132,7404.40,14,740.44,84
OP-00567,2026-03-19,Coast,CO-02,11051.13,9973.51,84,7979.50,13,398.97,92
OP-00568,2026-03-19,Coast,CO-03,11051.13,11863.23,99,5750.99,14,690.11,80
OP-00569,2026-03-19,Coast,CO-04,10354.21,9343.60,130,6182.31,15,309.11,87
OP-00570,2026-03-19,Coast,CO-05,11947.17,13123.04,110,7332.51,12,366.62,79
OP-00571,2026-03-20,Coast,CO-01,11648.49,9868.52,96,8338.94,13,1000.67,93
OP-00572,2026-03-20,Coast,CO-02,11847.61,11863.23,103,8123.27,12,812.32,86
OP-00573,2026-03-20,Coast,CO-03,9259.05,12703.10,122,6541.75,13,785.01,77
OP-00574,2026-03-20,Coast,CO-04,9856.41,11443.29,109,8698.37,12,1043.80,76
OP-00575,2026-03-20,Coast,CO-05,12046.73,9238.62,96,6254.20,14,562.87,78
OP-00576,2026-03-23,Coast,CO-01,11748.05,10708.40,106,8770.26,14,438.51,76
OP-00577,2026-03-23,Coast,CO-02,11150.69,12178.18,133,8626.48,11,1035.17,93
OP-00578,2026-03-23,Coast,CO-03,8761.26,10393.45,100,7691.95,14,384.59,77
OP-00579,2026-03-23,Coast,CO-04,8163.90,10393.45,125,7188.74,12,718.87,92
OP-00580,2026-03-23,Coast,CO-05,7865.22,9028.65,100,6038.54,12,422.69,78
OP-00581,2026-03-24,Coast,CO-01,11449.37,12808.08,80,5966.65,14,357.99,86
OP-00582,2026-03-24,Coast,CO-02,11349.81,9448.59,130,7979.50,10,478.77,93
OP-00583,2026-03-24,Coast,CO-03,7666.10,7873.82,102,6254.20,14,750.50,88
OP-00584,2026-03-24,Coast,CO-04,9358.61,11443.29,134,8842.15,11,530.52,76
OP-00585,2026-03-24,Coast,CO-05,10453.77,10498.43,100,6829.30,15,751.22,77
OP-00586,2026-03-25,Coast,CO-01,11349.81,12808.08,100,7907.61,10,711.68,87
OP-00587,2026-03-25,Coast,CO-02,7466.98,13018.05,85,8338.94,10,1000.67,87
OP-00588,2026-03-25,Coast,CO-03,8661.70,8503.73,116,5607.21,10,504.64,91
OP-00589,2026-03-25, coast ,CO-04,7765.66,8083.79,101,6757.41,10,810.88,90
OP-00590,2026-03-25,Coast,CO-05,12046.73,11128.34,104,5679.10,11,283.95,94
OP-00591,2026-03-26,Coast,CO-01,12345.41,11863.23,82,7476.29,15,598.10,93
OP-00592,2026-03-26,Coast,CO-02,11548.93,12388.15,106,7332.51,12,513.27,96
OP-00593,2026-03-26,Coast,CO-03,7666.10,11863.23,133,5679.10,14,397.53,88
OP-00594,2026-03-26,Coast,CO-04,8761.26,9448.59,111,7835.72,13,940.28,79
OP-00595,2026-03-26,Coast,CO-05,12146.29,9343.60,133,5822.88,10,407.60,79
OP-00596,2026-03-27,Coast,CO-01,9259.05,12388.15,80,8195.16,15,409.75,90
OP-00597,2026-03-27,Coast,CO-02,11748.05,13018.05,89,6254.20,11,687.96,95
OP-00598,2026-03-27,Coast,CO-03,8064.34,11128.34,85,7907.61,12,948.91,87
OP-00599,2026-03-27,Coast,CO-04,9159.49,12178.18,86,7763.84,10,931.66,77
OP-00600,2026-03-27,Coast,CO-05,11349.81,11233.32,99,7260.62,9,580.84,76
OP-00601,2026-04-01,North,NO-01,7425.46,10822.95,101,5150.07,10,257.50,95
OP-00602,2026-04-01,North,NO-02,7718.57,11639.78,86,6845.03,12,547.60,80
OP-00603,2026-04-01,North,NO-03,8793.31,8576.68,109,7236.17,11,578.89,81
OP-00604,2026-04-01,North,NO-04,12017.53,10210.33,106,5215.26,10,417.22,82
OP-00605,2026-04-01,North,NO-05,10258.86,7964.06,82,7105.79,13,497.40,90
OP-00606,2026-04-02,North,NO-01,8011.68,8270.37,101,6975.41,11,558.03,83
OP-00607,2026-04-02,North,NO-02,9379.53,11639.78,84,7627.32,9,533.91,94
OP-00608,2026-04-02,North,NO-03,12115.23,8270.37,81,7431.75,13,594.54,76
OP-00609,2026-04-02,North,NO-04,7620.87,10312.44,116,6519.08,13,391.14,87
OP-00610,2026-04-02,North,NO-05,9379.53,8678.78,106,5019.69,13,552.16,82
OP-00611,2026-04-03,North,NO-01,9868.05,9189.30,105,6062.74,11,303.13,79
OP-00612,2026-04-03,North,NO-02,8695.61,11027.16,81,6062.74,11,545.64,86
OP-00613,2026-04-03,North,NO-03,10454.27,9189.30,114,5476.02,11,547.60,93
OP-00614,2026-04-03,North,NO-04,11626.71,11129.26,96,7301.36,8,730.13,84
OP-00615,2026-04-03,North,NO-05,7327.76,9087.20,108,6975.41,13,767.29,76
OP-00616,2026-04-06,North,NO-01,7913.98,11435.57,77,6258.31,13,688.41,79
OP-00617,2026-04-06,North,NO-02,11040.49,11946.09,74,7692.51,12,692.32,95
OP-00618,2026-04-06,North,NO-03,9574.94,8270.37,83,6062.74,11,303.13,96
OP-00619,2026-04-06,North,NO-04,9086.42,8372.47,117,7236.17,9,868.34,82
OP-00620,2026-04-06,North,NO-05,10258.86,12660.81,119,6910.22,12,760.12,88
OP-00621,2026-04-07,North,NO-01,11138.20,8168.27,79,5215.26,11,573.67,77
OP-00622,2026-04-07,North,NO-02,10454.27,11537.68,88,8083.65,9,404.18,90
OP-00623,2026-04-07,North,NO-03,8207.09,12048.19,74,6519.08,12,717.09,89
OP-00624,2026-04-07,North,NO-04,8011.68,10618.75,82,6062.74,9,545.64,96
OP-00625,2026-04-07,North,NO-05,8304.80,11027.16,86,8083.65,13,808.36,84
OP-00626,2026-04-08,North,NO-01,9379.53,11435.57,110,7757.70,12,465.46,89
OP-00627,2026-04-08,North,NO-02,11333.60,9495.61,111,6453.88,13,774.46,81
OP-00628,2026-04-08,North,NO-03,10161.16,8066.16,89,6062.74,13,424.39,83
OP-00629,2026-04-08,North,NO-04,7620.87,11333.47,73,5280.45,13,264.02,84
OP-00630,2026-04-08,North,NO-05,7425.46,9801.92,82,5736.79,10,688.41,78
OP-00631,2026-04-09,North,NO-01,10649.68,11435.57,74,6845.03,9,821.40,88
OP-00632,2026-04-09,North,NO-02,11040.49,9597.71,99,6910.22,11,829.22,78
OP-00633,2026-04-09,North,NO-03,7327.76,8576.68,89,5736.79,9,516.31,88
OP-00634,2026-04-09,North,NO-04,11235.90,10516.64,77,7822.89,11,782.28,82
OP-00635,2026-04-09,North,NO-05,9574.94,10312.44,106,7105.79,8,710.57,88
OP-00636,2026-04-10,North,NO-01,9770.35,7759.85,101,6779.84,12,542.38,88
OP-00637,2026-04-10,North,NO-02,9770.35,9087.20,99,5801.98,8,522.17,77
OP-00638,2026-04-10,North,NO-03,10063.46,11435.57,102,5541.21,10,664.94,82
OP-00639,2026-04-10,North,NO-04,11040.49,9291.40,113,6845.03,9,410.70,91
OP-00640,2026-04-10,North,NO-05,11040.49,10006.13,82,6649.46,9,664.94,83
OP-00641,2026-04-13,North,NO-01,11333.60,11741.88,112,7040.60,11,774.46,81
OP-00642,2026-04-13,North,NO-02,8207.09,10108.23,105,7431.75,10,445.90,88
OP-00643,2026-04-13,North,NO-03,9086.42,11231.37,113,7496.94,11,899.63,76
OP-00644,2026-04-13,North,NO-04,8207.09,11129.26,83,5084.88,11,305.09,80
OP-00645,2026-04-13,North,NO-05,11235.90,11333.47,105,7822.89,13,782.28,96
OP-00646,2026-04-14,North,NO-01,9281.83,10516.64,88,5606.40,9,392.44,84
OP-00647,2026-04-14,North,NO-02,7523.17,10006.13,84,5084.88,10,305.09,94
OP-00648,2026-04-14,North,NO-03,8500.20,8576.68,93,6714.65,13,738.61,86
OP-00649,2026-04-14,North,NO-04,9184.13,11231.37,73,6714.65,13,335.73,84
OP-00650,2026-04-14,North,NO-05,7816.28,10516.64,107,7236.17,9,723.61,95
OP-00651,2026-04-15,North,NO-01,11919.82,9087.20,80,5671.60,14,680.59,92
OP-00652,2026-04-15,North,NO-02,10161.16,7861.96,99,7105.79,9,639.52,85
OP-00653,2026-04-15,North,NO-03,7913.98,9597.71,81,6519.08,8,456.33,85
OP-00654,2026-04-15,North,NO-04,9868.05,11537.68,104,5606.40,14,672.76,87
OP-00655,2026-04-15,North,NO-05,12115.23,9087.20,110,7366.55,8,441.99,77
OP-00656,2026-04-16,North,NO-01,10747.38,7759.85,106,6845.03,9,479.15,83
OP-00657,2026-04-16,North,NO-02,8304.80,8678.78,113,5606.40,11,280.32,83
OP-00658,2026-04-16,North,NO-03,9086.42,8372.47,81,7888.08,11,788.80,82
OP-00659,2026-04-16,North,NO-04,8011.68,12048.19,84,6193.12,10,557.38,88
OP-00660,2026-04-16,North,NO-05,12212.93,11537.68,104,7757.70,11,775.77,89
OP-00661,2026-04-17,North,NO-01,8793.31,10414.54,89,5606.40,12,392.44,87
OP-00662,2026-04-17,North,NO-02,9672.64,12048.19,78,5736.79,8,401.57,79
OP-00663,2026-04-17,North,NO-03,9574.94,9699.82,106,6519.07,12,586.71,82
OP-00664,2026-04-17,North,NO-04,11724.42,10312.44,81,6910.22,9,760.12,96
OP-00665,2026-04-17,North,NO-05,11529.01,8066.16,109,7236.17,12,361.80,85
OP-00666,2026-04-20,North,NO-01,10942.79,8678.78,87,6323.50,11,442.64,82
OP-00667,2026-04-20,North,NO-02,9770.35,8780.89,119,6779.84,11,542.38,83
OP-00668,2026-04-20,North,NO-03,8695.61,10720.85,89,6193.12,11,681.24,88
OP-00669,2026-04-20,North,NO-04,11529.01,11027.16,79,4954.50,13,495.45,93
OP-00670,2026-04-20,North,NO-05,8500.20,10006.13,89,6323.50,9,632.35,77
OP-00671,2026-04-21,North,NO-01,7523.17,8372.47,120,5867.17,8,704.06,78
OP-00672,2026-04-21,North,NO-02,10356.57,10210.33,108,5410.83,9,270.54,94
OP-00673,2026-04-21,North,NO-03,8500.20,12456.60,81,5215.26,9,521.52,82
OP-00674,2026-04-21,North,NO-04,7425.46,9597.71,87,8018.46,10,721.66,92
OP-00675,2026-04-21,North,NO-05,11333.60,10516.64,109,6453.88,8,645.38,87
OP-00676,2026-04-22,North,NO-01,11040.49,11231.37,87,5997.55,9,359.85,81
OP-00677,2026-04-22,North,NO-02,11138.20,11231.37,82,5932.36,13,355.94,87
OP-00678,2026-04-22,North,NO-03,10649.68,8780.89,81,6258.31,12,375.49,91
OP-00679,2026-04-22,North,NO-04,10356.57,12048.19,118,7496.94,11,449.81,91
OP-00680,2026-04-22,North,NO-05,8011.68,8168.27,78,6649.46,12,664.94,85
OP-00681,2026-04-23,North,NO-01,11724.42,8678.78,116,8148.84,10,570.41,95
OP-00682,2026-04-23,North,NO-02,12212.93,7861.96,105,7301.36,9,876.16,79
OP-00683,2026-04-23,North,NO-03,9184.13,10720.85,116,7301.36,13,730.13,76
OP-00684,2026-04-23,North,NO-04,11235.90,10312.44,97,5541.21,12,609.53,85
OP-00685,2026-04-23,North,NO-05,9281.83,11843.99,93,7888.08,11,709.92,86
OP-00686,2026-04-24,North,NO-01,8304.79,9189.30,107,7627.32,9,915.27,77
OP-00687,2026-04-24,North,NO-02,10161.16,8780.89,72,6845.03,13,410.70,85
OP-00688,2026-04-24,North,NO-03,8793.31,8066.16,113,5084.88,10,508.48,94
OP-00689,2026-04-24,North,NO-04,7523.17,11537.68,99,7562.13,9,756.21,84
OP-00690,2026-04-24,North,NO-05,11431.31,11843.98,111,7953.27,13,874.85,89
OP-00691,2026-04-27,North,NO-01,7523.17,12048.19,75,5736.79,9,516.31,78
OP-00692,2026-04-27,North,NO-02,11333.60,9393.51,116,8148.84,11,488.93,80
OP-00693,2026-04-27,North,NO-03,11919.82,8882.99,90,5997.55,13,299.87,76
OP-00694,2026-04-27,North,NO-04,12115.23,9189.30,106,5019.69,13,351.37,92
OP-00695,2026-04-27,North,NO-05,10747.38,8576.68,103,7170.98,12,573.67,88
OP-00696,2026-04-28,North,NO-01,7620.87,8678.78,72,7366.55,11,883.98,94
OP-00697,2026-04-28,North,NO-02,9965.75,9087.20,95,5476.02,9,383.32,84
OP-00698,2026-04-28,North,NO-03,10649.68,10516.64,78,7040.60,9,352.03,95
OP-00699,2026-04-28,North,NO-04,10845.09,12150.29,83,7757.70,13,465.46,81
OP-00700,2026-04-28,North,NO-05,7523.17,8066.16,89,7496.94,10,524.78,89
OP-00701,2026-04-01,South,SO-01,10497.65,11504.87,91,6285.79,9,502.86,92
OP-00702,2026-04-01,South,SO-02,8580.68,11504.87,113,7262.23,12,726.22,76
OP-00703,2026-04-01,South,SO-03,11136.63,10249.80,112,7506.33,10,375.31,87
OP-00704,2026-04-01,South,SO-04,11045.35,9099.31,117,5797.57,7,405.82,81
OP-00705,2026-04-01,South,SO-05,9219.67,12550.77,109,5736.55,11,401.55,86
OP-00706,2026-04-02,South,SO-01,7850.41,9308.49,76,7140.17,8,714.01,92
OP-00707,2026-04-02,South,SO-02,10132.51,12550.77,79,4882.17,9,390.57,94
OP-00708,2026-04-02,South,SO-03,6846.29,11714.05,116,4577.03,9,320.39,91
OP-00709,2026-04-02,South,SO-04,8580.68,8471.77,108,6590.93,7,461.36,86
OP-00710,2026-04-02,South,SO-05,8489.40,12132.41,97,7384.28,11,443.05,77
OP-00711,2026-04-03,South,SO-01,10406.36,8785.54,119,4699.09,10,281.94,78
OP-00712,2026-04-03,South,SO-02,11045.35,10458.98,80,7262.22,11,653.59,94
OP-00713,2026-04-03,South,SO-03,9310.96,8471.77,106,6285.79,9,314.28,89
OP-00714,2026-04-03,South,SO-04,7028.86,12759.95,77,6041.68,11,543.75,91
OP-00715,2026-04-03,South,SO-05,6846.29,11609.46,92,6346.82,11,571.21,84
OP-00716,2026-04-06,South,SO-01,10315.08,8471.77,86,4699.09,11,234.95,88
OP-00717,2026-04-06,South,SO-02,8032.98,11504.87,104,5553.47,12,333.20,95
OP-00718,2026-04-06,South,SO-03,11045.35,12341.59,106,6712.98,9,604.16,84
OP-00719,2026-04-06,South,SO-04,10223.79,8367.18,81,4882.17,9,341.75,90
OP-00720,2026-04-06,South,SO-05,8398.12,12132.41,87,6529.90,8,587.69,84
OP-00721,2026-04-07,South,SO-01,10223.79,8576.36,73,6835.04,10,683.50,93
OP-00722,2026-04-07,South,SO-02,7120.14,8785.54,114,5553.47,9,333.20,79
OP-00723,2026-04-07,South,SO-03,9676.09,9099.31,83,7445.31,7,818.98,78
OP-00724,2026-04-07,South,SO-04,10588.93,7844.23,96,5553.47,11,666.41,78
OP-00725,2026-04-07,South,SO-05,11410.48,8576.36,76,5492.44,8,384.47,95
OP-00726,2026-04-08,South,SO-01,7302.71,10354.39,108,6896.06,11,413.76,80
OP-00727,2026-04-08,South,SO-02,8763.25,7948.82,114,6163.74,11,616.37,78
OP-00728,2026-04-08,South,SO-03,9128.39,10145.21,112,6102.71,8,671.29,92
OP-00729,2026-04-08,South,SO-04,10862.78,12550.77,112,5187.30,8,518.73,80
OP-00730,2026-04-08,South,SO-05,9493.52,7948.82,94,7201.20,11,504.08,89
OP-00731,2026-04-09,South,SO-01,10315.08,12550.77,91,6529.90,9,391.79,93
OP-00732,2026-04-09,South,SO-02,10223.79,8053.41,75,5553.47,9,666.41,81
OP-00733,2026-04-09,South,SO-03,7485.28,7844.23,93,6835.04,11,546.80,88
OP-00734,2026-04-09,South,SO-04,9037.10,12132.41,120,7628.39,10,762.83,88
OP-00735,2026-04-09,South,SO-05,11319.20,12027.82,73,7323.25,11,659.09,76
OP-00736,2026-04-10,South,SO-01,10680.21,11086.52,111,5187.30,9,570.60,78
OP-00737,2026-04-10,South,SO-02,11045.35,9726.85,107,6407.85,10,576.70,82
OP-00738,2026-04-10,South,SO-03,10132.51,9308.49,76,5553.47,9,610.88,93
OP-00739,2026-04-10,South,SO-04,10132.51,11818.64,112,5187.30,8,518.73,86
OP-00740,2026-04-10,South,SO-05,8215.55,8576.36,84,7018.12,9,631.63,81
OP-00741,2026-04-13,South,SO-01,6937.57,9622.26,102,6651.95,8,598.67,79
OP-00742,2026-04-13,South,SO-02,6846.29,11400.29,114,7140.17,8,499.81,88
OP-00743,2026-04-13,South,SO-03,10223.79,11400.29,98,7445.31,10,446.71,92
OP-00744,2026-04-13,South,SO-04,9676.09,10877.34,86,6835.04,11,546.80,84
OP-00745,2026-04-13,South,SO-05,10223.79,10354.39,76,6835.04,10,546.80,96
OP-00746,2026-04-14,South,SO-01,7667.85,11818.64,82,6346.82,10,698.15,90
OP-00747,2026-04-14,South,SO-02,9767.37,10458.98,119,5370.38,7,644.44,89
OP-00748,2026-04-14,South,SO-03,11136.63,10145.21,113,5614.49,10,280.72,92
OP-00749,2026-04-14,South,SO-04,6846.29,10458.98,76,6590.93,8,395.45,83
OP-00750,2026-04-14,South,SO-05,11136.63,9203.90,98,6774.01,7,745.14,78
OP-00751,2026-04-15,South,SO-01,8945.82,12759.95,82,7323.25,9,585.86,85
OP-00752,2026-04-15,South,SO-02,9949.94,11400.28,121,7567.36,9,529.71,90
OP-00753,2026-04-15,South,SO-03,11410.48,11818.64,120,7201.20,9,720.12,89
OP-00754,2026-04-15,South,SO-04,10132.51,12341.59,116,5736.55,8,631.02,87
OP-00755,2026-04-15,South,SO-05,10862.78,8053.41,77,7201.20,10,360.06,89
OP-00756,2026-04-16,South,SO-01,10680.21,9203.90,81,6957.09,8,556.56,81
OP-00757,2026-04-16,South,SO-02,9767.37,10145.21,114,7628.39,9,533.98,87
OP-00758,2026-04-16,South,SO-03,8763.25,12969.13,79,4882.17,9,439.39,85
OP-00759,2026-04-16,South,SO-04,10862.78,9831.44,89,5492.44,8,274.62,83
OP-00760,2026-04-16,South,SO-05,8580.68,12237.00,86,5919.63,12,355.17,85
OP-00761,2026-04-17,South,SO-01,7850.41,10668.16,110,5919.63,9,414.37,84
OP-00762,2026-04-17,South,SO-02,9858.66,12550.77,109,7506.33,8,825.69,82
OP-00763,2026-04-17,South,SO-03,8032.98,9622.26,79,6957.09,9,486.99,89
OP-00764,2026-04-17,South,SO-04,7120.14,8994.72,92,6529.90,10,326.49,76
OP-00765,2026-04-17,South,SO-05,10315.08,9517.67,100,7201.20,11,576.09,84
OP-00766,2026-04-20,South,SO-01,11227.92,11295.70,86,6957.09,8,556.56,80
OP-00767,2026-04-20,South,SO-02,10132.51,10354.39,82,5187.30,11,311.23,91
OP-00768,2026-04-20,South,SO-03,8124.26,8680.95,88,6224.76,8,560.22,82
OP-00769,2026-04-20,South,SO-04,9219.67,10458.98,120,7018.12,8,561.44,77
OP-00770,2026-04-20,South,SO-05,7759.13,9831.44,73,7384.28,12,443.05,77
OP-00771,2026-04-21,South,SO-01,8580.68,8158.00,81,6651.95,10,665.19,87
OP-00772,2026-04-21,South,SO-02,7302.71,7948.82,118,6590.93,7,461.36,80
OP-00773,2026-04-21,South,SO-03,11319.20,11086.52,106,7262.22,10,508.35,80
OP-00774,2026-04-21,South,SO-04,11319.20,9726.85,94,7262.22,11,363.11,76
OP-00775,2026-04-21,South,SO-05,7302.71,10354.39,91,7323.25,7,805.55,76
OP-00776,2026-04-22,South,SO-01,10497.65,8367.18,101,6041.68,8,483.33,82
OP-00777,2026-04-22,South,SO-02,9949.94,9622.26,106,6407.85,7,576.70,95
OP-00778,2026-04-22,South,SO-03,8306.83,13073.72,116,7140.17,11,642.61,96
OP-00779,2026-04-22,South,SO-04,9676.09,8367.18,85,5980.66,10,598.06,85
OP-00780,2026-04-22,South,SO-05,9767.37,8053.41,95,6957.09,10,834.85,91
OP-00781,2026-04-23,South,SO-01,9219.67,10563.57,121,7018.12,11,491.26,92
OP-00782,2026-04-23,South,SO-02,9310.96,10145.21,116,5492.44,10,439.39,83
OP-00783,2026-04-23,South,SO-03,7393.99,8262.59,75,6041.68,7,604.16,91
OP-00784,2026-04-23,South,SO-04,11136.63,12759.95,73,6896.06,10,689.60,90
OP-00785,2026-04-23,South,SO-05,7302.71,7844.23,77,5797.57,8,347.85,80
OP-00786,2026-04-24,South,SO-01,6846.29,8680.95,112,5187.30,12,466.85,87
OP-00787,2026-04-24,South,SO-02,10954.06,8890.13,102,7445.31,10,670.07,92
OP-00788,2026-04-24,South,SO-03,10680.21,8680.95,81,5675.52,11,340.53,85
OP-00789,2026-04-24,South,SO-04,8306.83,10668.16,102,5309.36,9,477.84,82
OP-00790,2026-04-24,South,SO-05,8398.12,12132.41,90,7506.33,9,525.44,81
OP-00791,2026-04-27,South,SO-01,9310.95,12655.36,120,5492.44,9,439.39,89
OP-00792,2026-04-27,South,SO-02,6846.29,11295.70,90,6041.68,11,604.16,80
OP-00793,2026-04-27,South,SO-03,7028.86,8262.59,116,7445.31,9,818.98,94
OP-00794,2026-04-27,South,SO-04,7850.41,10354.39,105,7140.17,8,785.41,92
OP-00795,2026-04-27,South,SO-05,9402.24,12759.95,80,6835.04,10,820.20,92
OP-00796,2026-04-28,South,SO-01,10223.79,9308.49,84,5614.49,10,449.15,88
OP-00797,2026-04-28,South,SO-02,10954.06,11714.05,104,6102.71,10,732.32,94
OP-00798,2026-04-28,South,SO-03,9037.10,9413.08,84,6651.95,11,399.11,91
OP-00799,2026-04-28,South,SO-04,9949.94,11818.64,97,6529.90,9,587.69,81
OP-00800,2026-04-28,South,SO-05,7576.56,11609.46,80,7628.39,8,915.40,84
OP-00801,2026-04-01,East,EA-01,7220.40,8937.74,79,6695.77,10,736.53,83
OP-00802,2026-04-01,East,EA-02,9256.92,9457.38,94,5423.58,8,433.88,91
OP-00803,2026-04-01,East,EA-03,9812.34,11328.07,83,5088.79,12,407.10,95
OP-00804,2026-04-01,East,EA-04,10460.32,11639.85,118,5624.45,10,618.68,95
OP-00805,2026-04-01,East,EA-05,7220.40,8002.40,101,6427.94,12,449.95,77
OP-00806,2026-04-02,East,EA-01,8608.94,11535.93,83,5289.66,9,370.27,87
OP-00807,2026-04-02,East,EA-02,9164.35,12367.34,105,7967.97,10,796.79,77
OP-00808,2026-04-02,East,EA-03,8979.21,10080.94,78,7030.56,10,843.66,81
OP-00809,2026-04-02,East,EA-04,10275.18,9665.23,98,6829.69,8,682.96,91
OP-00810,2026-04-02,East,EA-05,11571.15,9769.16,123,6294.03,9,440.58,83
OP-00811,2026-04-03,East,EA-01,9349.49,8522.03,119,6963.61,8,696.36,88
OP-00812,2026-04-03,East,EA-02,11478.58,7794.54,117,6360.99,10,508.87,82
OP-00813,2026-04-03,East,EA-03,7220.40,12263.42,112,5557.49,11,666.89,95
OP-00814,2026-04-03,East,EA-04,10275.18,11432.00,107,6160.11,12,492.80,93
OP-00815,2026-04-03,East,EA-05,9812.34,9873.09,122,7097.52,9,354.87,91
OP-00816,2026-04-06,East,EA-01,11293.44,9457.38,97,7499.27,8,899.91,84
OP-00817,2026-04-06,East,EA-02,11200.87,12783.05,100,6227.07,9,373.62,85
OP-00818,2026-04-06,East,EA-03,10182.61,12990.91,107,6160.11,9,677.61,92
OP-00819,2026-04-06,East,EA-04,8979.21,11328.07,118,6896.65,10,344.83,85
OP-00820,2026-04-06,East,EA-05,9071.78,9249.53,118,7901.01,11,474.06,92
OP-00821,2026-04-07,East,EA-01,10923.17,10184.87,83,8034.93,10,562.44,90
OP-00822,2026-04-07,East,EA-02,7498.11,11535.93,78,7164.48,9,859.73,82
OP-00823,2026-04-07,East,EA-03,8331.23,11639.85,101,8302.76,9,996.33,87
OP-00824,2026-04-07,EAST,EA-04,11293.44,10184.87,100,5289.66,12,476.06,78
OP-00825,2026-04-07,East,EA-05,11293.44,9561.31,105,5624.45,9,449.95,81
OP-00826,2026-04-08,East,EA-01,7312.97,9665.23,89,7901.01,9,711.09,86
OP-00827,2026-04-08,East,EA-02,10367.75,12783.05,92,6896.65,9,827.59,87
OP-00828,2026-04-08,East,EA-03,10275.18,8106.33,93,6494.90,11,779.38,80
OP-00829,2026-04-08,East,EA-04,6942.69,9457.38,101,6561.86,12,459.33,81
OP-00830,2026-04-08,East,EA-05,8886.64,9873.09,92,7365.35,9,368.26,82
OP-00831,2026-04-09,East,EA-01,11200.87,12055.56,111,7566.23,12,680.96,81
OP-00832,2026-04-09,East,EA-02,11108.31,9041.67,107,5222.70,9,626.72,87
OP-00833,2026-04-09,East,EA-03,9812.34,12263.42,97,6227.07,8,435.89,82
OP-00834,2026-04-09,East,EA-04,9997.48,10184.87,82,6628.82,12,596.59,79
OP-00835,2026-04-09,East,EA-05,8608.94,12783.05,82,7967.97,9,876.47,90
OP-00836,2026-04-10,East,EA-01,10367.75,9769.16,119,6963.61,11,348.18,80
OP-00837,2026-04-10,East,EA-02,8608.94,9561.31,83,6762.73,11,405.76,93
OP-00838,2026-04-10,East,EA-03,9164.35,9457.38,83,7499.27,11,749.92,91
OP-00839,2026-04-10,East,EA-04,7498.11,9353.45,118,7633.18,9,839.64,78
OP-00840,2026-04-10,East,EA-05,10738.03,9561.31,76,8235.80,9,823.58,88
OP-00841,2026-04-13,East,EA-01,7683.24,11639.85,99,5423.58,11,650.82,91
OP-00842,2026-04-13,East,EA-02,9071.78,12471.27,111,5758.37,11,287.91,87
OP-00843,2026-04-13,East,EA-03,7683.24,12886.98,115,7901.01,10,395.05,94
OP-00844,2026-04-13,East,EA-04,7775.81,8210.25,113,5892.28,13,530.30,86
OP-00845,2026-04-13,East,EA-05,10738.03,11951.63,119,6762.73,8,608.64,93
OP-00846,2026-04-14,East,EA-01,10645.46,8314.18,124,7365.35,10,810.18,84
OP-00847,2026-04-14,East,EA-02,7775.81,8729.89,121,6963.61,11,765.99,76
OP-00848,2026-04-14,East,EA-03,9997.48,8314.18,119,6494.90,8,584.54,79
OP-00849,2026-04-14,East,EA-04,8701.51,11535.93,90,6026.20,9,482.09,85
OP-00850,2026-04-14,East,EA-05,9997.47,8418.11,93,7901.01,11,948.12,81
OP-00851,2026-04-15,East,EA-01,9164.35,11639.85,109,7030.56,12,773.36,81
OP-00852,2026-04-15,East,EA-02,11293.44,9977.02,77,5222.70,10,417.81,94
OP-00853,2026-04-15,East,EA-03,11015.74,10496.65,103,6160.11,8,308.00,80
OP-00854,2026-04-15,East,EA-04,8979.21,10080.94,101,7967.97,11,876.47,80
OP-00855,2026-04-15,East,EA-05,10552.89,9353.45,90,5088.79,10,254.43,86
OP-00856,2026-04-16,East,EA-01,10645.46,11535.93,101,5758.37,12,403.08,92
OP-00857,2026-04-16,East,EA-02,11571.15,7794.54,107,7566.23,10,680.96,96
OP-00858,2026-04-16,East,EA-03,9349.49,12159.49,91,7499.27,13,599.94,87
OP-00859,2026-04-16,East,EA-04,8423.80,7794.54,90,7097.52,8,638.77,92
OP-00860,2026-04-16,East,EA-05,10275.18,9561.31,107,5289.66,11,634.75,89
OP-00861,2026-04-17,East,EA-01,11293.44,12886.98,98,5959.24,9,357.55,83
OP-00862,2026-04-17,East,EA-02,8979.21,11328.07,84,6093.15,11,365.58,94
OP-00863,2026-04-17,East,EA-03,9627.20,9665.23,77,6360.99,13,445.26,91
OP-00864,2026-04-17,East,EA-04,10830.60,12886.98,90,5356.62,10,535.66,91
OP-00865,2026-04-17,East,EA-05,8423.80,11224.14,98,5021.83,13,301.30,84
OP-00866,2026-04-20,East,EA-01,8053.52,11535.93,82,5356.62,11,535.66,94
OP-00867,2026-04-20,East,EA-02,10923.17,11016.29,110,7767.10,11,466.02,85
OP-00868,2026-04-20,East,EA-03,7590.68,10392.73,88,8168.84,8,408.44,84
OP-00869,2026-04-20,East,EA-04,9442.06,10392.73,103,6026.20,9,421.83,78
OP-00870,2026-04-20,East,EA-05,10275.18,8522.03,120,7231.44,10,650.82,94
OP-00871,2026-04-21,East,EA-01,10830.60,9041.67,118,7967.97,9,398.39,82
OP-00872,2026-04-21,East,EA-02,10275.18,12783.05,83,7365.35,13,736.53,80
OP-00873,2026-04-21,East,EA-03,8423.80,10392.73,87,7164.48,10,358.22,79
OP-00874,2026-04-21,East,EA-04,7868.38,10392.73,77,6963.61,10,696.36,76
OP-00875,2026-04-21,East,EA-05,8423.80,9041.67,93,6896.65,9,551.73,80
OP-00876,2026-04-22,East,EA-01,9997.47,11535.92,112,8235.80,9,411.79,78
OP-00877,2026-04-22,East,EA-02,7498.11,10912.36,100,6227.07,10,373.62,88
OP-00878,2026-04-22,East,EA-03,8886.64,8314.18,95,7767.10,9,388.35,84
OP-00879,2026-04-22,East,EA-04,8979.21,12367.34,94,6695.77,11,468.70,78
OP-00880,2026-04-22,East,EA-05,11108.31,12263.42,100,5691.41,11,341.48,79
OP-00881,2026-04-23,East,EA-01,9719.77,10912.36,106,5222.70,10,522.27,93
OP-00882,2026-04-23,East,EA-02,10182.61,8522.03,85,5892.28,8,648.15,85
OP-00883,2026-04-23,East,EA-03,8331.23,11432.00,87,6494.90,11,714.43,84
OP-00884,2026-04-23,East,EA-04,9256.92,12471.27,122,6026.20,11,602.62,85
OP-00885,2026-04-23,East,EA-05,8794.08,12575.20,96,7231.44,8,506.20,82
OP-00886,2026-04-24,East,EA-01,8979.21,8418.11,77,6896.65,9,344.83,83
OP-00887,2026-04-24,East,EA-02,10275.18,8002.40,82,8168.84,11,898.57,84
OP-00888,2026-04-24,East,EA-03,9812.34,12575.20,102,7432.31,12,817.55,96
OP-00889,2026-04-24,East,EA-04,10367.75,8833.82,124,8369.72,8,753.27,86
OP-00890,2026-04-24,East,EA-05,10275.18,8418.11,107,7097.52,9,851.70,76
OP-00891,2026-04-27,East,EA-01,10182.61,9457.38,119,6561.86,12,328.09,82
OP-00892,2026-04-27,East,EA-02,9164.35,8314.18,91,5289.66,9,264.48,89
OP-00893,2026-04-27,East,EA-03,10738.03,7898.47,113,6160.11,12,308.00,83
OP-00894,2026-04-27,East,EA-04,8979.21,12367.34,82,6360.99,13,445.26,76
OP-00895,2026-04-27,East,EA-05,9256.92,8729.89,124,7499.27,8,824.91,93
OP-00896,2026-04-28,East,EA-01,11108.31,11535.92,91,7633.18,10,763.31,82
OP-00897,2026-04-28,East,EA-02,7590.68,10808.43,75,6160.11,11,308.00,96
OP-00898,2026-04-28,East,EA-03,9442.06,8625.96,79,5758.37,9,403.08,89
OP-00899,2026-04-28,East,EA-04,11478.58,12367.34,89,5222.70,13,522.27,76
OP-00900,2026-04-28,East,EA-05,8331.23,12471.27,89,6294.03,8,629.40,76
OP-00901,2026-04-01,West,WE-01,12110.88,11743.82,113,6400.19,10,576.01,85
OP-00902,2026-04-01,West,WE-02,11915.54,10824.74,94,8139.38,11,406.96,77
OP-00903,2026-04-01,West,WE-03,11329.53,11028.98,98,8069.81,8,887.67,79
OP-00904,2026-04-01,West,WE-04,7813.47,12050.18,95,7443.70,10,372.18,76
OP-00905,2026-04-01,West,WE-05,10938.86,12050.18,76,6539.33,12,392.35,87
OP-00906,2026-04-02,West,WE-01,11329.53,7659.02,91,8069.81,9,887.67,84
OP-00907,2026-04-02,West,WE-02,8985.49,10824.74,124,8278.51,11,910.63,82
OP-00908,2026-04-02,West,WE-03,9669.17,11028.98,127,6817.60,9,749.93,94
OP-00909,2026-04-02,West,WE-04,9180.83,11335.34,126,7235.00,8,723.50,91
OP-00910,2026-04-02,West,WE-05,9571.50,11437.46,102,6121.92,9,612.19,76
OP-00911,2026-04-03,West,WE-01,12208.55,12560.79,106,7861.11,10,943.33,91
OP-00912,2026-04-03,West,WE-02,9083.16,7761.14,78,8417.64,10,589.23,91
OP-00913,2026-04-03,West,WE-03,9473.83,12152.30,111,6052.36,10,423.66,77
OP-00914,2026-04-03,West,WE-04,7618.13,9905.66,105,7165.43,11,859.85,96
OP-00915,2026-04-03,West,WE-05,10841.19,12662.91,124,7443.70,12,595.49,89
OP-00916,2026-04-06,West,WE-01,8985.49,10620.50,85,7652.40,13,765.24,96
OP-00917,2026-04-06,West,WE-02,8204.14,8271.74,94,5565.38,11,667.84,87
OP-00918,2026-04-06,West,WE-03,11622.54,12356.55,127,8626.35,9,690.10,92
OP-00919,2026-04-06,West,WE-04,7813.47,11641.70,86,6191.49,11,681.06,95
OP-00920,2026-04-06,West,WE-05,9962.17,11233.22,93,7721.97,12,463.31,89
OP-00921,2026-04-07,West,WE-01,9766.84,9701.42,89,7095.87,13,567.66,94
OP-00922,2026-04-07,West,WE-02,9571.50,11948.06,112,7304.57,9,365.22,96
OP-00923,2026-04-07,West,WE-03,11231.86,9497.18,106,8348.08,11,500.88,88
OP-00924,2026-04-07,West,WE-04,10841.19,11233.22,87,7374.14,10,516.18,81
OP-00925,2026-04-07,West,WE-05,12208.55,10314.14,103,7513.27,14,676.19,77
OP-00926,2026-04-08,West,WE-01,8106.47,10824.74,99,7374.14,14,737.41,81
OP-00927,2026-04-08,West,WE-02,11817.87,10314.14,88,5774.09,9,692.89,94
OP-00928,2026-04-08,West,WE-03,8301.81,7761.14,100,5217.55,13,260.87,80
OP-00929,2026-04-08,West,WE-04,8497.15,12152.30,77,8069.81,10,403.49,90
OP-00930,2026-04-08,West,WE-05,7813.47,9292.94,82,7721.97,10,463.31,93
OP-00931,2026-04-09,West,WE-01,10352.85,8067.50,111,6678.46,9,801.41,85
OP-00932,2026-04-09,West,WE-02,8985.49,9599.30,125,7374.14,12,663.67,87
OP-00933,2026-04-09,West,WE-03,10352.85,7863.26,94,6469.76,10,776.37,76
OP-00934,2026-04-09,West,WE-04,8301.81,12356.55,105,8000.24,9,400.01,87
OP-00935,2026-04-09,West,WE-05,7520.46,10109.90,127,5287.12,13,370.09,94
OP-00936,2026-04-10,West,WE-01,10743.52,10007.78,109,8278.51,10,662.28,80
OP-00937,2026-04-10,West,WE-02,9278.49,11028.98,116,6678.46,10,467.49,85
OP-00938,2026-04-10,West,WE-03,8301.81,12152.30,116,7582.84,11,454.97,87
OP-00939,2026-04-10,West,WE-04,8497.15,10926.86,105,5217.55,14,521.75,83
OP-00940,2026-04-10,West,WE-05,10059.84,11743.82,79,7513.27,12,525.92,76
OP-00941,2026-04-13,West,WE-01,12110.88,11131.10,80,7165.43,11,429.92,96
OP-00942,2026-04-13,West,WE-02,7715.80,10620.50,112,8069.81,9,403.49,94
OP-00943,2026-04-13,West,WE-03,11817.87,7965.38,107,6678.46,12,734.63,83
OP-00944,2026-04-13,West,WE-04,7813.47,9292.94,93,5982.79,11,418.79,86
OP-00945,2026-04-13,West,WE-05,10059.84,12560.79,100,6748.03,14,674.80,77
OP-00946,2026-04-14,West,WE-01,7618.13,8884.46,104,7930.67,11,872.37,87
OP-00947,2026-04-14,West,WE-02,7325.13,10926.86,114,7930.67,11,951.68,77
OP-00948,2026-04-14,West,WE-03,11329.53,11845.94,88,6400.19,11,512.01,90
OP-00949,2026-04-14,West,WE-04,8887.82,9599.30,96,6261.06,11,500.88,94
OP-00950,2026-04-14,West,WE-05,11817.87,10824.74,87,7513.27,13,601.06,76
OP-00951,2026-04-15,West,WE-01,10450.51,10722.62,119,7652.40,10,918.28,80
OP-00952,2026-04-15,West,WE-02,12208.55,11641.70,122,8556.78,10,427.83,85
OP-00953,2026-04-15,West,WE-03,7618.13,10007.78,88,7791.54,11,934.98,90
OP-00954,2026-04-15,West,WE-04,9766.84,12662.91,116,5356.68,11,535.66,85
OP-00955,2026-04-15,West,WE-05,12013.21,10518.38,94,5913.22,12,650.45,80
OP-00956,2026-04-16,West,WE-01,9962.17,10007.78,126,8556.78,14,855.67,93
OP-00957,2026-04-16,West,WE-02,8594.82,9905.66,77,6330.63,8,569.75,79
OP-00958,2026-04-16,West,WE-03,7618.13,10109.90,91,6400.19,10,320.00,80
OP-00959,2026-04-16,West,WE-04,11622.54,10109.90,79,7235.00,11,723.50,83
OP-00960,2026-04-16,West,WE-05,11427.20,8475.98,91,5774.09,13,288.70,79
OP-00961,2026-04-17,West,WE-01,11622.54,8373.86,115,7235.00,14,723.50,80
OP-00962,2026-04-17,West,WE-02,8594.82,12254.42,80,5287.12,9,634.45,86
OP-00963,2026-04-17,West,WE-03,7715.80,7761.14,122,6748.03,10,742.28,83
OP-00964,2026-04-17,West,WE-04,9376.16,12254.42,107,6678.46,8,400.70,83
OP-00965,2026-04-17,West,WE-05,10548.18,8373.86,82,8695.91,11,1043.50,81
OP-00966,2026-04-20,West,WE-01,11329.53,7659.02,100,7652.40,9,459.14,91
OP-00967,2026-04-20,West,WE-02,8985.49,9395.06,109,7165.43,9,573.23,81
OP-00968,2026-04-20,West,WE-03,11817.87,8578.10,86,6956.73,8,417.40,95
OP-00969,2026-04-20,West,WE-04,7911.14,10007.78,85,7861.11,9,943.33,81
OP-00970,2026-04-20,West,WE-05,7422.80,12254.42,111,5287.12,12,370.09,90
OP-00971,2026-04-21,West,WE-01,10938.86,12662.91,111,5843.65,12,642.80,92
OP-00972,2026-04-21,West,WE-02,8399.48,12765.03,99,5843.65,13,409.05,95
OP-00973,2026-04-21,West,WE-03,11915.54,8986.58,86,5774.09,12,692.89,88
OP-00974,2026-04-21,West,WE-04,8497.15,12765.03,99,6052.36,13,484.18,96
OP-00975,2026-04-21,West,WE-05,10450.51,11131.10,88,7582.84,8,682.45,95
OP-00976,2026-04-22,West,WE-01,8594.82,11539.58,79,7304.57,13,511.31,86
OP-00977,2026-04-22,West,WE-02,11622.54,8986.58,123,5982.79,13,717.93,77
OP-00978,2026-04-22,West,WE-03,11524.87,12458.67,89,5843.65,9,701.23,94
OP-00979,2026-04-22,West,WE-04,10548.18,12662.91,93,5356.68,12,321.40,83
OP-00980,2026-04-22,West,WE-05,9669.17,10824.74,126,7513.27,9,375.66,96
OP-00981,2026-04-23,West,WE-01,11036.53,7863.26,99,7721.97,11,849.41,80
OP-00982,2026-04-23,West,WE-02,8692.48,8782.34,93,6887.16,10,482.10,94
OP-00983,2026-04-23,West,WE-03,10645.85,10926.86,124,5495.82,11,439.66,85
OP-00984,2026-04-23,West,WE-04,9278.49,12356.55,118,6748.03,10,337.40,76
OP-00985,2026-04-23,West,WE-05,9278.49,8782.34,100,6121.92,8,550.97,83
OP-00986,2026-04-24,West,WE-01,9864.50,8578.10,82,6956.73,10,765.24,81
OP-00987,2026-04-24,West,WE-02,9864.50,11233.22,101,6539.33,10,588.53,79
OP-00988,2026-04-24,West,WE-03,7911.14,11335.34,99,6121.92,14,428.53,77
OP-00989,2026-04-24,West,WE-04,8399.48,8271.74,107,8278.51,12,496.71,95
OP-00990,2026-04-24,West,WE-05,8301.81,9292.94,92,6330.63,8,633.06,77
OP-00991,2026-04-27,West,WE-01,12208.55,9190.82,127,6678.46,11,601.06,84
OP-00992,2026-04-27,West,WE-02,9766.84,12662.91,121,8695.91,12,1043.50,79
OP-00993,2026-04-27,West,WE-03,12013.21,12458.67,125,6469.76,9,646.97,90
OP-00994,2026-04-27,West,WE-04,9669.17,12356.55,83,8695.91,11,695.67,82
OP-00995,2026-04-27,West,WE-05,7813.47,12560.79,87,5704.52,12,285.22,81
OP-00996,2026-04-28,West,WE-01,7520.46,8475.98,93,6261.06,12,688.71,89
OP-00997,2026-04-28,West,WE-02,7618.13,9905.66,116,5982.79,8,358.96,94
OP-00998,2026-04-28,West,WE-03,12208.55,10212.02,107,5495.82,14,659.49,
OP-00999,2026-04-28,West,WE-04,11427.20,9190.82,97,5704.52,10,285.22,80
OP-01000,2026-04-28,West,WE-05,8008.81,10007.78,120,6469.76,11,776.37,88
OP-01001,2026-04-01,Central,CE-01,9579.59,11859.85,118,6091.95,9,670.11,88
OP-01002,2026-04-01,Central,CE-02,10991.32,10611.44,94,8313.72,11,831.37,92
OP-01003,2026-04-01,Central,CE-03,10285.46,10403.38,131,6521.97,14,782.63,87
OP-01004,2026-04-01,Central,CE-04,8571.21,10507.41,108,8958.74,11,985.46,80
OP-01005,2026-04-01,Central,CE-05,10587.97,9883.21,88,5661.93,13,452.95,81
OP-01006,2026-04-02,Central,CE-01,11394.67,11651.78,90,6521.97,9,326.09,80
OP-01007,2026-04-02,Central,CE-02,9478.75,12900.19,100,5876.94,9,352.61,83
OP-01008,2026-04-02,Central,CE-03,10890.48,11963.88,87,8242.05,10,494.52,80
OP-01009,2026-04-02,Central,CE-04,11193.00,11235.65,96,8887.07,13,710.96,79
OP-01010,2026-04-02,Central,CE-05,9680.43,11963.88,84,7883.70,12,709.53,86
OP-01011,2026-04-03,Central,CE-01,11999.70,12275.98,107,8027.04,12,802.70,85
OP-01012,2026-04-03,Central,CE-02,10789.64,8530.77,80,6163.62,13,369.81,84
OP-01013,2026-04-03,Central,CE-03,8369.54,10611.44,91,5661.93,14,283.09,76
OP-01014,2026-04-03,Central,CE-04,8672.05,11235.65,98,6235.29,9,374.11,92
OP-01015,2026-04-03,Central,CE-05,8571.21,11755.82,97,5375.25,11,430.02,84
OP-01016,2026-04-06,Central,CE-01,9579.59,11651.78,130,6235.29,12,311.76,77
OP-01017,2026-04-06,Central,CE-02,11495.51,10819.51,105,6665.31,14,466.57,94
OP-01018,2026-04-06,Central,CE-03,7764.51,8218.67,129,6951.99,13,625.67,94
OP-01019,2026-04-06,Central,CE-04,8067.02,8114.63,85,8815.40,14,1057.84,88
OP-01020,2026-04-06,Central,CE-05,12302.21,10611.44,126,8242.05,10,412.10,92
OP-01021,2026-04-07,Central,CE-01,11999.70,11547.75,102,6808.65,13,612.77,78
OP-01022,2026-04-07,Central,CE-02,12201.37,8738.84,103,8743.73,10,612.06,77
OP-01023,2026-04-07,Central,CE-03,8571.21,11339.68,126,7167.00,11,860.04,95
OP-01024,2026-04-07,Central,CE-04,10991.32,11963.88,115,8385.39,13,1006.24,89
OP-01025,2026-04-07,Central,CE-05,9277.08,9779.17,94,6880.32,11,688.03,85
OP-01026,2026-04-08,Central,CE-01,8672.05,13004.22,81,7023.66,12,772.60,95
OP-01027,2026-04-08,Central,CE-02,10991.32,11027.58,81,6235.29,13,623.52,91
OP-01028,2026-04-08,Central,CE-03,10487.13,8842.87,109,5661.93,10,509.57,86
OP-01029,2026-04-08,Central,CE-04,11092.16,8322.70,84,7023.66,14,702.36,79
OP-01030,2026-04-08,Central,CE-05,11092.16,12796.15,83,5446.92,11,272.34,76
OP-01031,2026-04-09,Central,CE-01,10789.64,11547.75,90,8170.38,14,408.51,82
OP-01032,2026-04-09,Central,CE-02,10991.32,9571.11,115,7310.34,10,365.51,89
OP-01033,2026-04-09,Central,CE-03,8470.37,10507.41,96,7382.01,12,812.02,79
OP-01034,2026-04-09,Central,CE-04,9882.10,11755.82,103,8457.06,12,422.85,79
OP-01035,2026-04-09,Central,CE-05,11293.83,10507.41,116,7883.70,10,551.85,93
OP-01036,2026-04-10,Central,CE-01,10184.62,12692.12,117,7238.67,12,361.93,96
OP-01037,2026-04-10,Central,CE-02,11798.02,9050.94,127,7382.01,12,590.56,94
OP-01038,2026-04-10,Central,CE-03,11697.18,11963.88,103,5590.26,12,503.12,86
OP-01039,2026-04-10,Central,CE-04,12604.72,7906.57,91,6736.98,10,336.84,76
OP-01040,2026-04-10,Central,CE-05,7764.51,10403.38,95,8887.07,9,977.57,83
OP-01041,2026-04-13,Central,CE-01,7663.67,9050.94,126,6808.65,9,748.95,92
OP-01042,2026-04-13,Central,CE-02,9377.92,9883.21,122,8528.73,9,938.16,89
OP-01043,2026-04-13,Central,CE-03,8974.56,12692.12,132,5948.61,12,475.88,84
OP-01044,2026-04-13,Central,CE-04,12403.05,9154.97,101,7095.33,12,638.57,78
OP-01045,2026-04-13,Central,CE-05,8772.89,8426.73,84,6163.62,14,554.72,96
OP-01046,2026-04-14,Central,CE-01,9176.24,9259.00,81,6665.31,9,733.18,80
OP-01047,2026-04-14,Central,CE-02,7764.51,11651.78,123,6951.99,13,695.19,77
OP-01048,2026-04-14,Central,CE-03,11092.16,8946.90,81,5590.26,11,391.31,92
OP-01049,2026-04-14,Central,CE-04,8470.37,8634.80,109,6593.64,13,659.36,78
OP-01050,2026-04-14,Central,CE-05,8167.86,8946.90,98,6808.65,14,476.60,87
OP-01051,2026-04-15,Central,CE-01,7663.67,11963.88,122,8242.05,11,989.04,79
OP-01052,2026-04-15,Central,CE-02,11293.83,9050.94,122,8457.06,10,761.13,79
OP-01053,2026-04-15,Central,CE-03,7562.83,12588.09,118,8600.39,9,516.02,78
OP-01054,2026-04-15,Central,CE-04,9075.40,8946.90,101,6808.65,14,408.51,88
OP-01055,2026-04-15,Central,CE-05,9680.43,9154.97,92,8385.39,9,838.53,86
OP-01056,2026-04-16,Central,CE-01,11697.18,9571.11,106,6163.62,9,308.18,86
OP-01057,2026-04-16,Central,CE-02,11898.86,11651.78,103,7310.34,13,511.72,86
OP-01058,2026-04-16,Central,CE-03,8369.54,11755.82,97,6378.63,13,637.86,77
OP-01059,2026-04-16,Central,CE-04,11293.83,9259.00,130,8528.73,13,426.43,91
OP-01060,2026-04-16,Central,CE-05,10487.13,12067.92,109,8313.72,13,831.37,94
OP-01061,2026-04-17,Central,CE-01,10083.78,10611.44,94,5733.60,11,688.03,81
OP-01062,2026-04-17,Central,CE-02,7865.35,9259.00,111,7023.66,10,772.60,93
OP-01063,2026-04-17,Central,CE-03,9075.40,9987.24,91,5375.25,13,537.52,92
OP-01064,2026-04-17,Central,CE-04,12403.05,12796.15,130,8958.74,14,447.93,86
OP-01065,2026-04-17,Central,CE-05,10991.32,11131.61,132,6163.62,14,431.45,89
OP-01066,2026-04-20,Central,CE-01,11798.02,10091.28,83,7310.34,10,511.72,88
OP-01067,2026-04-20,Central,CE-02,8067.02,10611.44,97,8313.72,11,581.96,82
OP-01068,2026-04-20,Central,CE-03,7764.51,12275.98,108,6665.31,12,666.53,84
OP-01069,2026-04-20,Central,CE-04,9176.24,11131.61,85,6736.98,11,606.32,87
OP-01070,2026-04-20,Central,CE-05,8772.89,10195.31,122,8958.74,10,806.28,93
OP-01071,2026-04-21,Central,CE-01,8268.70,12484.05,117,8385.39,12,754.68,84
OP-01072,2026-04-21,Central,CE-02,8067.02,9987.24,112,8743.73,9,961.81,76
OP-01073,2026-04-21,Central,CE-03,11596.35,9050.94,127,6593.64,14,329.68,91
OP-01074,2026-04-21,Central,CE-04,8167.86,9987.24,92,7167.00,9,788.37,78
OP-01075,2026-04-21,Central,CE-05,11092.16,9363.04,83,8528.73,9,767.58,77
OP-01076,2026-04-22,Central,CE-01,9680.43,10507.41,98,6450.30,12,387.01,77
OP-01077,2026-04-22,Central,CE-02,8571.21,9675.14,107,6880.32,12,688.03,83
OP-01078,2026-04-22,Central,CE-03,9075.40,10195.31,93,6880.32,12,344.01,94
OP-01079,2026-04-22,Central,CE-04,11898.86,10819.51,119,7095.33,9,851.43,84
OP-01080,2026-04-22,Central,CE-05,7764.51,9779.17,114,7597.02,12,835.67,86
OP-01081,2026-04-23,Central,CE-01,9680.43,12171.95,98,7095.33,10,638.57,82
OP-01082,2026-04-23,Central,CE-02,8067.02,11651.78,108,7382.01,13,812.02,83
OP-01083,2026-04-23,Central,CE-03,12100.54,9154.97,90,6235.29,11,561.17,95
OP-01084,2026-04-23,Central,CE-04,9982.94,12067.92,111,6450.30,12,774.03,78
OP-01085,2026-04-23,Central,CE-05,11394.67,12588.09,101,8600.39,14,602.02,88
OP-01086,2026-04-24,Central,CE-01,11798.02,10091.27,92,6808.65,12,612.77,92
OP-01087,2026-04-24,Central,CE-02,8772.89,10403.38,96,8743.73,10,961.81,86
OP-01088,2026-04-24,Central,CE-03,9377.92,11755.82,93,8170.38,14,817.03,84
OP-01089,2026-04-24,Central,CE-04,11495.51,12484.05,125,6951.99,11,556.15,78
OP-01090,2026-04-24,Central,CE-05,7865.35,12380.02,99,7453.68,14,894.44,81
OP-01091,2026-04-27,Central,CE-01,11999.70,11027.58,96,7955.37,10,954.64,95
OP-01092,2026-04-27,Central,CE-02,10890.48,8946.90,83,6736.98,10,471.58,91
OP-01093,2026-04-27,Central,CE-03,12302.21,11651.78,99,6665.31,12,399.91,94
OP-01094,2026-04-27,Central,CE-04,11193.00,9363.04,106,8815.40,10,705.23,77
OP-01095,2026-04-27,Central,CE-05,8571.21,8114.63,96,6665.31,10,533.22,83
OP-01096,2026-04-28,Central,CE-01,8571.21,11235.65,133,7023.66,10,702.36,91
OP-01097,2026-04-28,Central,CE-02,11697.18,8010.60,132,6378.63,14,318.93,82
OP-01098,2026-04-28,Central,CE-03,9982.94,10923.55,80,6593.64,9,461.55,90
OP-01099,2026-04-28,Central,CE-04,12100.54,11027.58,114,5948.61,11,594.86,90
OP-01100,2026-04-28,Central,CE-05,8974.56,12275.98,101,6951.99,13,625.67,85
OP-01101,2026-04-01,Coast,CO-01,8869.92,8806.16,103,8808.79,11,792.79,81
OP-01102,2026-04-01,Coast,CO-02,10932.69,11396.20,90,9256.70,14,462.83,96
OP-01103,2026-04-01,Coast,CO-03,12479.77,10049.38,87,6494.62,14,324.73,88
OP-01104,2026-04-01,Coast,CO-04,9488.75,12121.42,91,5673.46,14,340.40,93
OP-01105,2026-04-01,Coast,CO-05,8869.92,9945.78,93,8883.44,11,533.00,94
OP-01106,2026-04-02,Coast,CO-01,12582.90,9220.57,121,9182.05,13,826.38,79
OP-01107,2026-04-02,Coast,CO-02,9385.61,9220.57,110,6569.27,13,591.23,93
OP-01108,2026-04-02,Coast,CO-03,7735.39,12846.63,109,6867.87,12,686.78,78
OP-01109,2026-04-02,Coast,CO-04,7735.39,9945.78,126,6419.97,9,641.99,83
OP-01110,2026-04-02,Coast,CO-05,8044.81,8391.75,109,5748.11,14,344.88,77
OP-01111,2026-04-03,Coast,CO-01,8560.50,12639.43,131,9107.40,15,455.37,81
OP-01112,2026-04-03,Coast,CO-02,12273.49,11085.40,110,7763.68,14,931.64,89
OP-01113,2026-04-03,Coast,CO-03,10004.44,8391.75,90,5972.06,10,656.92,88
OP-01114,2026-04-03,Coast,CO-04,9385.61,11499.81,130,8360.89,12,1003.30,84
OP-01115,2026-04-03,Coast,CO-05,11654.66,8909.76,98,5673.46,12,624.08,92
OP-01116,2026-04-06,Coast,CO-01,9901.30,11292.60,100,7091.83,14,780.10,91
OP-01117,2026-04-06,Coast,CO-02,7735.39,12328.62,93,7689.03,14,768.90,93
OP-01118,2026-04-06,Coast,CO-03,7838.53,12432.22,125,9107.40,14,910.74,84
OP-01119,2026-04-06, coast ,CO-04,8251.09,10878.20,109,7017.17,14,350.85,81
OP-01120,2026-04-06,Coast,CO-05,10107.58,8391.75,110,6643.92,10,332.19,88
OP-01121,2026-04-07,Coast,CO-01,8354.22,11396.20,127,6196.02,12,495.68,81
OP-01122,2026-04-07,Coast,CO-02,8457.36,9427.77,87,5748.11,14,344.88,88
OP-01123,2026-04-07,Coast,CO-03,10416.99,9842.18,99,7017.17,10,421.03,81
OP-01124,2026-04-07,Coast,CO-04,11860.93,10981.80,91,7614.38,9,685.29,95
OP-01125,2026-04-07,Coast,CO-05,10829.55,12225.02,94,7912.98,10,870.42,93
OP-01126,2026-04-08,Coast,CO-01,10623.27,11707.01,85,7390.43,10,591.23,90
OP-01127,2026-04-08,Coast,CO-02,8973.06,10567.39,93,8883.44,13,533.00,85
OP-01128,2026-04-08,Coast,CO-03,12067.21,11603.41,101,7912.98,14,474.77,83
OP-01129,2026-04-08,Coast,CO-04,11654.66,11189.00,118,8435.54,14,506.13,90
OP-01130,2026-04-08,Coast,CO-05,9488.75,7977.34,123,9032.75,14,541.96,84
OP-01131,2026-04-09,Coast,CO-01,8457.36,10567.39,102,6121.37,13,673.35,85
OP-01132,2026-04-09,Coast,CO-02,12479.77,9945.78,120,8435.54,10,927.90,84
OP-01133,2026-04-09,Coast,CO-03,9695.02,11085.40,84,6643.92,13,465.07,78
OP-01134,2026-04-09,Coast,CO-04,12170.35,12225.02,102,6270.67,12,313.53,92
OP-01135,2026-04-09,Coast,CO-05,8973.06,10152.98,118,9256.70,14,647.96,90
OP-01136,2026-04-10,Coast,CO-01,8973.05,8598.95,88,5972.06,9,716.64,93
OP-01137,2026-04-10,Coast,CO-02,11860.93,11914.21,127,6942.52,14,485.97,76
OP-01138,2026-04-10,Coast,CO-03,9591.89,12535.82,111,6046.71,11,483.73,76
OP-01139,2026-04-10,Coast,CO-04,12892.32,12743.03,89,8360.89,10,1003.30,79
OP-01140,2026-04-10,Coast,CO-05,11242.10,8080.95,121,7987.63,12,798.76,87
OP-01141,2026-04-13,Coast,CO-01,9282.47,9738.57,99,6643.92,14,664.39,85
OP-01142,2026-04-13,Coast,CO-02,9282.47,11707.01,81,6494.62,12,324.73,85
OP-01143,2026-04-13,Coast,CO-03,8869.92,12846.63,89,8659.49,10,1039.13,80
OP-01144,2026-04-13,Coast,CO-04,10932.69,12328.62,96,5598.81,11,503.89,84
OP-01145,2026-04-13,Coast,CO-05,11860.93,12121.42,89,5897.41,15,589.74,77
OP-01146,2026-04-14,Coast,CO-01,9901.30,9220.57,86,8883.44,12,621.84,81
OP-01147,2026-04-14,Coast,CO-02,11035.83,12639.43,115,9107.40,10,1001.81,93
OP-01148,2026-04-14,Coast,CO-03,12479.77,12225.02,129,7241.13,11,868.93,77
OP-01149,2026-04-14,Coast,CO-04,9798.16,10670.99,125,7241.13,13,362.05,76
OP-01150,2026-04-14,Coast,CO-05,12892.32,11810.61,112,7539.73,12,527.78,83
OP-01151,2026-04-15,Coast,CO-01,12170.35,9324.17,129,7912.98,10,395.64,86
OP-01152,2026-04-15,Coast,CO-02,11448.38,11914.21,92,7091.83,9,354.59,83
OP-01153,2026-04-15,Coast,CO-03,11242.10,10049.38,110,8062.29,13,725.60,96
OP-01154,2026-04-15,Coast,CO-04,9591.89,12017.82,122,7315.78,13,877.89,85
OP-01155,2026-04-15,Coast,CO-05,12376.63,10878.20,102,8584.84,12,858.48,85
OP-01156,2026-04-16,Coast,CO-01,9591.89,10878.20,98,5822.76,10,407.59,88
OP-01157,2026-04-16,Coast,CO-02,11242.10,11292.60,122,8360.89,9,836.08,81
OP-01158,2026-04-16,Coast,CO-03,9179.33,9842.18,99,6643.92,11,398.63,95
OP-01159,2026-04-16,Coast,CO-04,8147.95,11189.00,104,8211.59,12,574.81,79
OP-01160,2026-04-16,Coast,CO-05,9385.61,12535.82,82,6718.57,13,806.22,94
OP-01161,2026-04-17,Coast,CO-01,11654.66,8391.75,115,6569.27,9,591.23,80
OP-01162,2026-04-17,Coast,CO-02,11654.66,9324.17,100,8808.79,13,1057.05,81
OP-01163,2026-04-17,Coast,CO-03,11757.80,10878.20,130,8734.14,12,611.38,77
OP-01164,2026-04-17,Coast,CO-04,10726.41,10152.98,99,7017.17,12,842.06,80
OP-01165,2026-04-17,Coast,CO-05,10932.69,9220.57,121,6569.27,13,656.92,87
OP-01166,2026-04-20,Coast,CO-01,10004.44,8495.35,110,7689.03,13,845.79,82
OP-01167,2026-04-20,Coast,CO-02,10726.41,8495.35,95,6569.27,10,788.31,85
OP-01168,2026-04-20,Coast,CO-03,11138.96,8080.95,130,6867.87,11,412.07,79
OP-01169,2026-04-20,Coast,CO-04,11860.93,12743.03,118,8659.49,9,432.97,86
OP-01170,2026-04-20,Coast,CO-05,8457.36,9116.96,97,8286.24,11,414.31,86
OP-01171,2026-04-21,Coast,CO-01,7838.53,8288.15,97,6718.57,13,604.67,86
OP-01172,2026-04-21,Coast,CO-02,9591.89,11707.01,82,8734.14,14,1048.09,95
OP-01173,2026-04-21,Coast,CO-03,10932.69,9738.57,108,6942.52,9,763.67,77
OP-01174,2026-04-21,Coast,CO-04,8973.05,10981.80,79,8360.89,13,585.26,84
OP-01175,2026-04-21,Coast,CO-05,10107.58,8909.76,89,7539.73,10,452.38,94
OP-01176,2026-04-22,Coast,CO-01,8147.95,8702.56,95,5748.11,13,344.88,82
OP-01177,2026-04-22,Coast,CO-02,11448.38,12535.82,118,6867.87,14,686.78,86
OP-01178,2026-04-22,Coast,CO-03,10829.55,12950.23,108,6718.57,13,537.48,96
OP-01179,2026-04-22,Coast,CO-04,8044.81,10256.58,130,9032.75,14,993.60,79
OP-01180,2026-04-22,Coast,CO-05,9798.16,12950.23,129,7539.73,14,527.78,77
OP-01181,2026-04-23,Coast,CO-01,8147.95,11914.21,124,8808.79,12,528.52,80
OP-01182,2026-04-23,Coast,CO-02,8766.78,12225.02,110,7315.78,13,658.42,79
OP-01183,2026-04-23,Coast,CO-03,12582.90,9324.17,122,7539.73,12,829.37,78
OP-01184,2026-04-23,Coast,CO-04,12789.18,12225.02,102,8286.24,13,994.34,84
OP-01185,2026-04-23,Coast,CO-05,8354.22,12535.82,108,5897.41,13,589.74,82
OP-01186,2026-04-24,Coast,CO-01,11138.96,9220.57,118,9032.75,10,1083.93,89
OP-01187,2026-04-24,Coast,CO-02,9179.33,12846.63,127,7465.08,15,746.50,96
OP-01188,2026-04-24,Coast,CO-03,8147.95,10567.39,127,7017.17,10,491.20,81
OP-01189,2026-04-24,Coast,CO-04,9488.75,11396.20,102,9331.35,13,559.88,85
OP-01190,2026-04-24,Coast,CO-05,12686.04,12639.43,92,5897.41,15,707.68,95
OP-01191,2026-04-27,Coast,CO-01,9179.33,12121.42,125,9032.75,10,812.94,80
OP-01192,2026-04-27,Coast,CO-02,8973.05,10774.59,78,6419.97,15,385.19,76
OP-01193,2026-04-27,Coast,CO-03,11757.80,7977.34,126,7763.68,14,465.82,95
OP-01194,2026-04-27,Coast,CO-04,10726.41,9738.57,97,6793.22,14,475.52,80
OP-01195,2026-04-27,Coast,CO-05,12067.21,11085.40,93,8062.29,14,403.11,86
OP-01196,2026-04-28,Coast,CO-01,9695.02,8288.15,127,6196.02,10,309.80,90
OP-01197,2026-04-28,Coast,CO-02,9076.19,11292.60,128,6867.87,15,343.39,83
OP-01198,2026-04-28,Coast,CO-03,8457.36,11396.20,78,8136.94,15,976.43,92
OP-01199,2026-04-28,Coast,CO-04,12170.35,12121.42,122,7465.08,10,746.50,88
OP-01200,2026-04-28,Coast,CO-05,12376.63,8598.95,98,8211.59,13,656.92,82
OP-01201,2026-05-01,North,NO-01,11211.86,11472.65,116,5838.50,11,291.92,78
OP-01202,2026-05-01,North,NO-02,9024.18,12066.07,108,5767.30,9,692.07,80
OP-01203,2026-05-01,North,NO-03,8933.03,9791.32,117,5909.70,13,472.77,93
OP-01204,2026-05-01,North,NO-04,10938.40,9395.71,82,5482.49,11,274.12,76
OP-01205,2026-05-01,North,NO-05,7018.81,10186.93,96,6835.32,14,751.88,76
OP-01206,2026-05-04,North,NO-01,7930.34,10879.24,86,8757.75,13,437.88,80
OP-01207,2026-05-04,North,NO-02,7839.19,9692.41,89,8188.14,13,573.16,89
OP-01208,2026-05-04,North,NO-03,10847.25,8307.78,103,6265.71,9,751.88,87
OP-01209,2026-05-04,North,NO-04,7383.42,9296.81,124,7832.14,12,783.21,93
OP-01210,2026-05-04,North,NO-05,9935.71,11670.46,103,6835.32,13,410.11,87
OP-01211,2026-05-05,North,NO-01,9115.33,10582.53,126,7618.53,9,457.11,79
OP-01212,2026-05-05,North,NO-02,10300.33,12164.97,93,6123.31,10,428.63,92
OP-01213,2026-05-05,North,NO-03,7474.57,9395.71,87,7618.53,14,914.22,90
OP-01214,2026-05-05,North,NO-04,11029.55,7615.47,85,8401.74,11,1008.20,80
OP-01215,2026-05-05,North,NO-05,9388.79,11274.85,92,6835.32,12,615.17,90
OP-01216,2026-05-06,North,NO-01,10938.40,11373.75,120,5696.10,9,341.76,92
OP-01217,2026-05-06,North,NO-02,10573.79,10186.93,123,5411.29,14,324.67,86
OP-01218,2026-05-06,North,NO-03,9206.49,12164.97,118,8828.95,9,971.18,90
OP-01219,2026-05-06,North,NO-04,11029.55,8802.29,96,5411.29,13,324.67,90
OP-01220,2026-05-06,North,NO-05,8294.95,10186.92,104,5838.50,10,525.46,86
OP-01221,2026-05-07,North,NO-01,9662.25,10879.24,108,5411.29,12,378.79,85
OP-01222,2026-05-07,North,NO-02,6927.65,11077.04,118,7262.53,13,653.62,96
OP-01223,2026-05-07,North,NO-03,8294.95,9890.22,126,5482.49,12,328.94,96
OP-01224,2026-05-07,North,NO-04,10664.94,10483.63,108,8544.15,14,683.53,94
OP-01225,2026-05-07,North,NO-05,9388.79,9296.81,90,6692.92,15,736.22,82
OP-01226,2026-05-08,North,NO-01,10300.33,8703.39,118,7974.54,13,637.96,84
OP-01227,2026-05-08,North,NO-02,11120.71,11373.75,99,7333.73,12,880.04,77
OP-01228,2026-05-08,North,NO-03,11029.55,8505.59,100,7832.14,11,861.53,91
OP-01229,2026-05-08,North,NO-04,11211.86,9099.00,105,7689.73,14,845.87,95
OP-01230,2026-05-08,North,NO-05,10118.02,11571.56,86,8188.14,10,491.28,95
OP-01231,2026-05-11,North,NO-01,11120.71,11077.04,106,8188.14,12,491.28,91
OP-01232,2026-05-11,North,NO-02,7292.27,10483.63,106,8900.15,14,534.00,88
OP-01233,2026-05-11,North,NO-03,11120.70,8802.29,108,7974.54,10,637.96,83
OP-01234,2026-05-11,North,NO-04,9024.18,12066.07,78,7618.53,11,533.29,92
OP-01235,2026-05-11,North,NO-05,8568.41,9099.00,116,6265.71,14,313.28,81
OP-01236,2026-05-12,North,NO-01,8659.57,10285.83,104,7333.73,11,733.37,85
OP-01237,2026-05-12,North,NO-02,9935.71,8604.49,125,7760.93,15,698.48,87
OP-01238,2026-05-12,North,NO-03,8112.65,8901.20,85,6906.52,14,690.65,81
OP-01239,2026-05-12,North,NO-04,10756.09,11472.65,76,5696.10,12,512.64,89
OP-01240,2026-05-12,North,NO-05,11211.86,8901.20,122,6906.52,12,828.78,90
OP-01241,2026-05-13,North,NO-01,9935.71,9099.00,81,5909.70,15,413.67,95
OP-01242,2026-05-13,North,NO-02,8386.11,8505.59,88,5909.70,9,709.16,94
OP-01243,2026-05-13,North,NO-03,9115.33,10483.63,109,5838.50,14,408.69,86
OP-01244,2026-05-13,North,NO-04,11394.16,11175.95,82,5696.10,13,683.53,83
OP-01245,2026-05-13,North,NO-05,9024.18,10285.83,89,5340.09,14,534.00,93
OP-01246,2026-05-14,North,NO-01,10664.94,8703.39,123,8116.94,11,974.03,84
OP-01247,2026-05-14,North,NO-02,11120.70,9791.32,103,6835.32,14,410.11,81
OP-01248,2026-05-14,North,NO-03,6927.65,10186.92,102,8757.75,13,788.19,96
OP-01249,2026-05-14,North,NO-04,8294.95,9000.10,78,6123.31,14,428.63,84
OP-01250,2026-05-14,North,NO-05,10664.94,9000.10,82,5767.30,13,288.36,92
OP-01251,2026-05-15,North,NO-01,6836.50,8208.88,101,7404.93,12,888.59,89
OP-01252,2026-05-15,North,NO-02,10573.79,12066.07,99,5411.29,11,270.56,91
OP-01253,2026-05-15,North,NO-03,9571.10,11868.26,119,7618.53,11,914.22,90
OP-01254,2026-05-15,North,NO-04,8386.11,10681.44,85,6194.51,11,371.67,85
OP-01255,2026-05-15,North,NO-05,8021.49,8406.69,103,8472.95,11,677.83,87
OP-01256,2026-05-18,North,NO-01,7383.42,8802.29,121,6336.91,15,633.69,84
OP-01257,2026-05-18,North,NO-02,8203.80,12362.77,91,7974.54,12,558.21,92
OP-01258,2026-05-18,North,NO-03,7018.81,9791.32,78,7048.92,14,563.91,96
OP-01259,2026-05-18,North,NO-04,7109.96,11175.95,92,6194.51,12,681.39,83
OP-01260,2026-05-18,North,NO-05,11120.70,9296.81,105,7262.53,13,363.12,88
OP-01261,2026-05-19,North,NO-01,11029.55,7813.27,114,5553.70,11,499.83,92
OP-01262,2026-05-19,North,NO-02,11211.86,11373.75,111,6052.10,10,302.60,84
OP-01263,2026-05-19,North,NO-03,10847.25,9296.81,77,6550.51,10,393.03,93
OP-01264,2026-05-19,North,NO-04,8203.80,11868.26,87,5696.10,13,284.80,96
OP-01265,2026-05-19,North,NO-05,7565.73,9099.00,89,6764.12,12,744.05,94
OP-01266,2026-05-20,North,NO-01,8477.26,10879.24,86,5980.90,10,358.85,88
OP-01267,2026-05-20,North,NO-02,10573.79,9494.61,82,6052.10,13,605.21,88
OP-01268,2026-05-20,North,NO-03,10026.87,11670.46,97,6123.31,11,489.86,90
OP-01269,2026-05-20,North,NO-04,9935.71,10780.34,87,8045.74,14,885.03,81
OP-01270,2026-05-20,North,NO-05,9206.49,9197.90,109,6692.92,15,535.43,96
OP-01271,2026-05-21,North,NO-01,10026.87,7813.27,123,8615.35,11,516.92,93
OP-01272,2026-05-21,North,NO-02,8021.49,11967.16,78,6336.91,11,506.95,95
OP-01273,2026-05-21,North,NO-03,9479.95,10088.02,112,6194.51,11,495.56,87
OP-01274,2026-05-21,North,NO-04,8750.72,8109.98,99,8828.95,10,529.73,93
OP-01275,2026-05-21,North,NO-05,10573.79,10780.34,127,5696.10,12,512.64,80
OP-01276,2026-05-22,North,NO-01,10118.02,11868.26,115,7689.73,12,692.07,87
OP-01277,2026-05-22,North,NO-02,8386.11,11175.95,79,6052.10,15,484.16,81
OP-01278,2026-05-22,North,NO-03,9206.49,9000.10,105,8116.94,9,730.52,77
OP-01279,2026-05-22,North,NO-04,8659.57,11769.36,76,7333.73,11,513.36,85
OP-01280,2026-05-22,North,NO-05,11211.86,7912.17,105,6692.92,10,803.15,77
OP-01281,2026-05-25,North,NO-01,10847.25,10780.34,87,8330.54,10,749.74,95
OP-01282,2026-05-25,North,NO-02,8933.03,12066.07,106,7547.33,12,830.20,86
OP-01283,2026-05-25,North,NO-03,10573.79,11373.75,85,6835.32,11,820.23,94
OP-01284,2026-05-25,North,NO-04,10209.17,8406.69,104,5482.49,11,657.89,88
OP-01285,2026-05-25,North,NO-05,8294.95,7615.47,108,7832.14,12,548.24,93
OP-01286,2026-05-26,North,NO-01,10118.02,11077.04,91,8188.14,10,491.28,90
OP-01287,2026-05-26,North,NO-02,10482.63,11571.56,118,8757.75,12,875.77,88
OP-01288,2026-05-26,North,NO-03,10482.63,9791.32,88,8188.14,14,818.81,83
OP-01289,2026-05-26,North,NO-04,9662.25,9395.71,92,7547.33,11,679.25,86
OP-01290,2026-05-26,North,NO-05,10482.63,10186.92,93,7333.73,11,586.69,80
OP-01291,2026-05-27,North,NO-01,11303.01,9099.00,93,5838.50,11,583.85,83
OP-01292,2026-05-27,North,NO-02,9935.71,8505.59,76,7048.92,13,493.42,93
OP-01293,2026-05-27,North,NO-03,9024.18,10582.53,106,5624.90,10,506.24,82
OP-01294,2026-05-27,North,NO-04,7839.19,8307.78,106,5696.10,13,626.57,88
OP-01295,2026-05-27,North,NO-05,9662.25,7813.27,77,6906.52,10,828.78,89
OP-01296,2026-05-28,North,NO-01,9297.64,10483.63,111,5767.30,10,346.03,86
OP-01297,2026-05-28,North,NO-02,9388.79,8802.29,127,8828.95,9,618.02,88
OP-01298,2026-05-28,North,NO-03,11394.16,9395.71,83,8472.95,14,1016.75,96
OP-01299,2026-05-28,North,NO-04,9388.79,9395.71,87,6123.31,14,306.16,95
OP-01300,2026-05-28,North,NO-05,8477.26,7417.66,121,6408.11,13,384.48,87
OP-01301,2026-05-01,South,SO-01,7716.21,10944.39,84,5199.45,12,415.95,93
OP-01302,2026-05-01,South,SO-02,8001.99,7875.87,104,5791.79,12,289.58,90
OP-01303,2026-05-01,South,SO-03,7906.73,9205.56,97,8029.53,11,802.95,77
OP-01304,2026-05-01,South,SO-04,10574.06,10228.40,77,7305.55,10,584.44,82
OP-01305,2026-05-01,South,SO-05,10955.11,10023.83,109,7700.45,10,924.05,89
OP-01306,2026-05-04,South,SO-01,8097.25,11353.53,86,5002.00,11,250.10,82
OP-01307,2026-05-04,South,SO-02,9907.23,10637.54,80,7239.74,11,651.57,82
OP-01308,2026-05-04,South,SO-03,7335.16,7773.58,78,7437.19,11,669.34,91
OP-01309,2026-05-04,South,SO-04,8001.99,11660.38,91,5199.45,8,623.93,86
OP-01310,2026-05-04,South,SO-05,9430.92,7875.87,107,6647.40,9,465.31,92
OP-01311,2026-05-05,South,SO-01,7525.68,8591.86,82,7239.74,11,579.17,77
OP-01312,2026-05-05,South,SO-02,7144.63,11660.38,113,7371.37,9,663.42,96
OP-01313,2026-05-05,South,SO-03,11431.42,11762.66,110,7766.27,10,854.28,82
OP-01314,2026-05-05,South,SO-04,11526.68,12580.93,89,7700.45,9,616.03,91
OP-01315,2026-05-05,South,SO-05,10002.49,9614.70,118,4936.19,9,246.80,79
OP-01316,2026-05-06,South,SO-01,11812.46,10432.97,94,5002.00,7,300.12,85
OP-01317,2026-05-06,South,SO-02,10097.75,8182.72,88,6976.48,10,837.17,90
OP-01318,2026-05-06,South,SO-03,11336.15,12171.80,109,7173.92,7,358.69,80
OP-01319,2026-05-06,South,SO-04,8668.82,10023.83,110,5725.97,11,400.81,76
OP-01320,2026-05-06,South,SO-05,8478.30,12785.50,84,5791.79,9,637.09,96
OP-01321,2026-05-07,South,SO-01,7430.42,12785.50,78,5133.63,11,410.69,82
OP-01322,2026-05-07,South,SO-02,8097.25,9716.98,118,5462.71,9,437.01,96
OP-01323,2026-05-07,South,SO-03,7716.21,8898.71,82,6581.58,8,329.07,79
OP-01324,2026-05-07,South,SO-04,11431.42,11046.67,110,7371.37,11,368.56,84
OP-01325,2026-05-07,South,SO-05,11717.20,9307.85,121,5265.26,8,473.87,78
OP-01326,2026-05-08,South,SO-01,11336.15,12171.80,92,7700.45,7,924.05,86
OP-01327,2026-05-08,South,SO-02,10669.32,12171.80,104,7305.55,11,584.44,92
OP-01328,2026-05-08,South,SO-03,8192.51,11455.81,82,7634.63,9,916.15,85
OP-01329,2026-05-08,South,SO-04,7906.73,9512.41,118,5660.16,10,679.21,87
OP-01330,2026-05-08,South,SO-05,7335.16,11046.67,86,7042.29,7,492.96,96
OP-01331,2026-05-11,South,SO-01,7335.16,10330.69,103,7108.11,12,426.48,94
OP-01332,2026-05-11,South,SO-02,11526.68,10535.25,94,7700.45,11,616.03,96
OP-01333,2026-05-11,South,SO-03,8668.82,11558.09,76,6910.66,10,829.27,79
OP-01334,2026-05-11,South,SO-04,11717.20,12478.65,114,5133.63,10,462.02,85
OP-01335,2026-05-11,South,SO-05,11526.68,10739.82,103,7568.82,9,832.57,90
OP-01336,2026-05-12,South,SO-01,7239.90,10739.82,84,6515.76,9,651.57,88
OP-01337,2026-05-12,South,SO-02,8954.61,8898.71,106,6647.40,7,398.84,87
OP-01338,2026-05-12,South,SO-03,8478.30,12171.80,78,7766.27,9,776.62,91
OP-01339,2026-05-12,South,SO-04,10478.80,8694.14,104,5462.71,11,327.76,96
OP-01340,2026-05-12,South,SO-05,10193.01,9512.41,103,8029.53,11,963.54,78
OP-01341,2026-05-13,South,SO-01,9430.92,7773.58,104,5067.82,10,354.74,76
OP-01342,2026-05-13,South,SO-02,7335.16,12171.80,106,6384.13,12,574.57,82
OP-01343,2026-05-13,South,SO-03,8954.61,9819.27,121,5791.79,10,405.42,89
OP-01344,2026-05-13,South,SO-04,10859.84,7875.87,99,6252.50,12,437.67,96
OP-01345,2026-05-13,South,SO-05,10097.75,11353.53,98,6844.84,11,410.69,83
OP-01346,2026-05-14,South,SO-01,11431.42,7875.87,91,8095.34,9,890.48,86
OP-01347,2026-05-14,South,SO-02,11907.72,8796.42,85,5331.08,10,373.17,78
OP-01348,2026-05-14,South,SO-03,8478.30,9716.98,110,5989.24,8,718.70,94
OP-01349,2026-05-14,South,SO-04,9240.39,9103.28,78,7897.90,7,552.85,84
OP-01350,2026-05-14,South,SO-05,10097.75,12580.93,84,6186.69,9,371.20,95
OP-01351,2026-05-15,South,SO-01,9430.92,8591.86,76,5528.53,9,497.56,86
OP-01352,2026-05-15,South,SO-02,9811.97,11251.24,111,7239.74,9,868.76,92
OP-01353,2026-05-15,South,SO-03,10859.84,12580.93,85,8226.98,8,411.34,87
OP-01354,2026-05-15,South,SO-04,8668.82,10535.25,104,5923.42,9,592.34,93
OP-01355,2026-05-15,South,SO-05,10193.01,8285.00,73,5331.08,10,426.48,78
OP-01356,2026-05-18,South,SO-01,10478.80,8285.00,114,6910.66,10,829.27,92
OP-01357,2026-05-18,South,SO-02,8954.61,8898.71,91,5594.34,8,615.37,85
OP-01358,2026-05-18,South,SO-03,9145.13,11455.81,121,8161.16,10,897.72,92
OP-01359,2026-05-18,South,SO-04,9811.97,12478.65,109,7305.55,10,657.49,89
OP-01360,2026-05-18,South,SO-05,9145.13,10944.39,118,6844.84,7,342.24,85
OP-01361,2026-05-19,South,SO-01,8859.35,11967.23,112,5002.00,10,250.10,90
OP-01362,2026-05-19,South,SO-02,8573.56,12580.93,122,5660.16,9,566.01,80
OP-01363,2026-05-19,South,SO-03,11240.89,10023.83,76,7108.11,11,568.64,96
OP-01364,2026-05-19,South,SO-04,11907.72,7875.87,76,4936.19,11,444.25,88
OP-01365,2026-05-19,South,SO-05,9240.39,7773.58,97,5725.97,9,515.33,81
OP-01366,2026-05-20,South,SO-01,8764.09,10739.82,112,5396.90,10,377.78,86
OP-01367,2026-05-20,South,SO-02,7335.16,9512.41,108,7173.92,9,430.43,95
OP-01368,2026-05-20,South,SO-03,11050.37,9716.98,115,7568.82,11,756.88,91
OP-01369,2026-05-20,South,SO-04,9335.66,11967.23,93,5923.42,12,473.87,82
OP-01370,2026-05-20,South,SO-05,9526.18,11353.53,117,6844.84,9,684.48,94
OP-01371,2026-05-21,South,SO-01,10097.75,10637.54,118,6449.95,7,515.99,88
OP-01372,2026-05-21,South,SO-02,11907.72,9716.98,112,7173.92,8,573.91,77
OP-01373,2026-05-21,South,SO-03,8859.35,12376.37,82,8161.16,7,408.05,91
OP-01374,2026-05-21,South,SO-04,10193.01,9819.27,79,6252.50,9,500.20,96
OP-01375,2026-05-21,South,SO-05,9240.39,12785.50,91,4936.19,10,246.80,96
OP-01376,2026-05-22,South,SO-01,7239.90,11353.53,105,8226.98,8,411.34,79
OP-01377,2026-05-22,South,SO-02,9907.23,11046.67,109,5594.34,10,503.49,78
OP-01378,2026-05-22,South,SO-03,8478.30,10432.97,80,7700.45,9,539.03,82
OP-01379,2026-05-22,South,SO-04,7620.94,8285.00,75,7634.63,9,687.11,82
OP-01380,2026-05-22,South,SO-05,11431.42,12171.80,109,7897.90,12,394.89,96
OP-01381,2026-05-25,South,SO-01,11145.63,8080.44,100,4936.19,11,444.25,83
OP-01382,2026-05-25,South,SO-02,10002.49,8591.86,98,7700.45,7,924.05,93
OP-01383,2026-05-25,South,SO-03,9049.87,10228.40,74,7897.90,9,710.81,87
OP-01384,2026-05-25,South,SO-04,9526.18,9512.41,85,6186.69,11,371.20,82
OP-01385,2026-05-25,South,SO-05,11240.89,9716.98,123,7700.45,12,847.04,92
OP-01386,2026-05-26,South,SO-01,7335.16,11353.53,80,6449.95,10,386.99,95
OP-01387,2026-05-26,South,SO-02,11336.15,12683.22,101,6055.05,11,544.95,84
OP-01388,2026-05-26,South,SO-03,8001.99,11558.09,107,4936.19,10,444.25,90
OP-01389,2026-05-26,South,SO-04,11717.20,10432.97,108,5857.61,9,468.60,92
OP-01390,2026-05-26,South,SO-05,11336.15,10330.69,95,8226.98,7,740.42,88
OP-01391,2026-05-27,South,SO-01,9430.92,9921.55,113,5725.97,12,629.85,86
OP-01392,2026-05-27,South,SO-02,9240.39,8898.71,119,7568.82,12,756.88,96
OP-01393,2026-05-27,South,SO-03,11526.68,9819.27,110,7766.27,10,621.30,87
OP-01394,2026-05-27,South,SO-04,8001.99,11660.38,107,7832.08,7,861.52,82
OP-01395,2026-05-27,South,SO-05,10478.80,7671.30,109,7305.55,9,438.33,87
OP-01396,2026-05-28,South,SO-01,10764.58,8285.00,88,6186.69,11,371.20,82
OP-01397,2026-05-28,South,SO-02,7525.68,9716.98,102,6318.32,11,442.28,80
OP-01398,2026-05-28,South,SO-03,11621.94,7671.30,84,5331.08,8,533.10,78
OP-01399,2026-05-28,South,SO-04,10002.49,12274.08,95,7042.29,9,492.96,82
OP-01400,2026-05-28,South,SO-05,8668.82,9921.55,120,5791.79,9,463.34,79
OP-01401,2026-05-01,East,EA-01,8475.46,13196.63,107,5533.36,13,442.66,96
OP-01402,2026-05-01,East,EA-02,11629.12,11296.32,93,5669.99,9,566.99,84
OP-01403,2026-05-01,East,EA-03,12220.43,9184.85,93,6284.80,11,377.08,87
OP-01404,2026-05-01,East,EA-04,8278.36,8973.71,122,7241.19,9,579.29,76
OP-01405,2026-05-01,East,EA-05,11234.92,12879.91,120,7514.44,11,450.86,85
OP-01406,2026-05-04,East,EA-01,11037.81,12985.48,92,8334.20,12,666.73,80
OP-01407,2026-05-04,East,EA-02,8376.91,9501.57,93,8402.51,8,588.17,79
OP-01408,2026-05-04,East,EA-03,7982.70,12985.48,91,8539.14,8,683.13,93
OP-01409,2026-05-04,East,EA-04,10150.84,12668.77,96,5943.24,9,534.89,78
OP-01410,2026-05-04,East,EA-05,7391.39,9184.85,103,8539.14,8,683.13,80
OP-01411,2026-05-05,East,EA-01,8869.67,8973.71,113,5533.36,9,387.33,96
OP-01412,2026-05-05,East,EA-02,7391.39,8868.14,125,7924.32,13,554.70,79
OP-01413,2026-05-05,East,EA-03,11727.67,7917.98,85,6079.86,9,364.79,94
OP-01414,2026-05-05,East,EA-04,7489.94,10874.02,77,8197.57,8,983.70,93
OP-01415,2026-05-05,East,EA-05,9855.19,7917.98,108,6421.43,11,770.57,83
OP-01416,2026-05-06,East,EA-01,9362.43,9079.28,86,6148.18,9,676.29,92
OP-01417,2026-05-06,East,EA-02,9559.53,9079.28,119,6626.37,11,728.90,87
OP-01418,2026-05-06,East,EA-03,11530.57,10979.60,101,5260.11,12,315.60,91
OP-01419,2026-05-06,East,EA-04,11333.47,11929.75,82,5396.73,10,647.60,93
OP-01420,2026-05-06,East,EA-05,10150.84,13196.63,80,5874.93,10,411.24,82
OP-01421,2026-05-07,East,EA-01,11432.02,10979.60,111,6967.93,10,487.75,87
OP-01422,2026-05-07,East,EA-02,9263.88,11296.32,122,5533.36,11,498.00,77
OP-01423,2026-05-07,East,EA-03,11037.81,12879.91,110,7856.01,9,785.60,80
OP-01424,2026-05-07,East,EA-04,9362.43,11613.03,129,6626.37,9,662.63,94
OP-01425,2026-05-07,East,EA-05,9658.09,12879.91,99,5669.99,13,680.39,95
OP-01426,2026-05-08,East,EA-01,10840.71,8973.71,106,8265.88,12,661.27,96
OP-01427,2026-05-08,East,EA-02,9066.77,13196.63,78,7651.07,9,382.55,76
OP-01428,2026-05-08,East,EA-03,9263.88,11190.74,90,7992.63,12,559.48,94
OP-01429,2026-05-08,East,EA-04,9165.33,10135.01,100,6489.74,11,648.97,77
OP-01430,2026-05-08,East,EA-05,11530.57,8129.12,78,5601.67,10,672.20,89
OP-01431,2026-05-11,East,EA-01,8376.91,8445.84,104,8334.20,9,1000.10,79
OP-01432,2026-05-11,East,EA-02,8376.91,11401.89,101,8539.14,11,853.91,91
OP-01433,2026-05-11,East,EA-03,12318.99,10557.30,112,7924.32,11,713.18,82
OP-01434,2026-05-11,East,EA-04,7982.70,8762.56,89,6763.00,11,608.67,83
OP-01435,2026-05-11,East,EA-05,8771.12,11824.18,106,7104.56,13,568.36,83
OP-01436,2026-05-12,East,EA-01,11727.67,10029.44,96,6626.37,10,795.16,76
OP-01437,2026-05-12,East,EA-02,12023.33,9607.15,83,5191.79,12,363.42,76
OP-01438,2026-05-12,East,EA-03,12318.99,8234.70,112,8402.51,11,588.17,86
OP-01439,2026-05-12,East,EA-04,10742.16,10874.02,93,5191.79,12,415.34,93
OP-01440,2026-05-12,East,EA-05,11037.81,7917.98,93,6489.74,13,454.28,93
OP-01441,2026-05-13,East,EA-01,9953.74,9923.87,117,6626.37,11,795.16,85
OP-01442,2026-05-13,East,EA-02,7884.15,9818.29,84,5191.79,12,571.09,80
OP-01443,2026-05-13,East,EA-03,11136.36,8656.99,119,8129.26,9,650.34,95
OP-01444,2026-05-13,East,EA-04,11136.36,13091.06,94,7377.81,10,737.78,90
OP-01445,2026-05-13,East,EA-05,9362.43,11718.61,102,6353.12,8,444.71,83
OP-01446,2026-05-14,East,EA-01,9855.19,12774.34,82,6079.86,9,547.18,87
OP-01447,2026-05-14,East,EA-02,9460.98,9396.00,127,7104.56,10,781.50,86
OP-01448,2026-05-14,East,EA-03,8672.57,11085.17,118,6694.68,9,334.73,87
OP-01449,2026-05-14,East,EA-04,9263.88,12140.90,92,6216.49,12,497.31,76
OP-01450,2026-05-14,East,EA-05,11234.92,9607.15,109,7787.69,13,623.01,92
OP-01451,2026-05-15,East,EA-01,12318.99,8234.70,79,7377.81,11,516.44,78
OP-01452,2026-05-15,East,EA-02,11037.81,8656.99,96,5465.05,11,437.20,77
OP-01453,2026-05-15,East,EA-03,11629.12,8023.55,82,7856.00,10,864.16,89
OP-01454,2026-05-15,East,EA-04,10446.50,7917.98,89,6216.49,10,559.48,93
OP-01455,2026-05-15,East,EA-05,9263.88,8129.12,84,8334.20,13,1000.10,88
OP-01456,2026-05-18,East,EA-01,11432.02,10135.01,128,7377.81,11,737.78,86
OP-01457,2026-05-18,East,EA-02,7785.60,8656.99,81,7719.38,10,694.74,93
OP-01458,2026-05-18,East,EA-03,9362.43,12668.77,80,7172.87,12,430.37,96
OP-01459,2026-05-18,East,EA-04,9855.19,11929.75,108,5328.42,8,639.41,81
OP-01460,2026-05-18,East,EA-05,8771.12,10874.02,118,6967.93,8,418.07,93
OP-01461,2026-05-19,East,EA-01,9066.77,7917.98,105,7104.56,10,639.41,82
OP-01462,2026-05-19,East,EA-02,8278.36,10768.45,109,8470.82,10,762.37,89
OP-01463,2026-05-19,East,EA-03,9362.43,12246.47,107,7309.50,11,657.85,90
OP-01464,2026-05-19,East,EA-04,10742.16,11718.61,126,6011.55,12,420.80,86
OP-01465,2026-05-19,East,EA-05,9165.33,9290.43,81,6899.62,11,689.96,94
OP-01466,2026-05-20,East,EA-01,11333.47,8762.56,119,8539.14,8,597.73,90
OP-01467,2026-05-20,East,EA-02,8376.91,10451.73,98,7992.63,9,639.41,86
OP-01468,2026-05-20,East,EA-03,10742.16,11507.46,89,7241.19,10,434.47,86
OP-01469,2026-05-20,East,EA-04,10545.05,12035.33,104,5943.24,12,416.02,88
OP-01470,2026-05-20,East,EA-05,11037.81,10557.30,111,7241.19,11,724.11,94
OP-01471,2026-05-21,East,EA-01,9756.64,12985.48,93,5943.24,9,297.16,80
OP-01472,2026-05-21,East,EA-02,11432.02,11296.32,93,7446.13,10,521.22,77
OP-01473,2026-05-21,East,EA-03,11924.78,11190.74,122,6148.18,9,676.29,91
OP-01474,2026-05-21,East,EA-04,8475.46,11085.17,117,8197.57,8,409.87,86
OP-01475,2026-05-21,East,EA-05,8869.67,12246.47,117,8197.57,9,983.70,95
OP-01476,2026-05-22,East,EA-01,9953.74,11507.46,126,6011.55,9,480.92,79
OP-01477,2026-05-22,East,EA-02,8081.26,9712.72,111,6421.43,12,385.28,77
OP-01478,2026-05-22,East,EA-03,9756.64,12985.48,115,6353.12,10,444.71,80
OP-01479,2026-05-22,East,EA-04,7982.70,11929.75,77,5943.24,13,297.16,88
OP-01480,2026-05-22,East,EA-05,7588.50,8973.71,115,7377.81,9,811.55,78
OP-01481,2026-05-25,East,EA-01,12121.88,12985.48,92,6489.74,9,324.48,80
OP-01482,2026-05-25,East,EA-02,8278.36,8656.99,97,7651.07,8,459.06,88
OP-01483,2026-05-25,East,EA-03,10347.95,12140.90,107,5123.48,11,512.34,87
OP-01484,2026-05-25,East,EA-04,10939.26,10768.45,115,6284.80,12,754.17,95
OP-01485,2026-05-25,East,EA-05,9855.19,9079.28,95,5396.73,10,323.80,76
OP-01486,2026-05-26,East,EA-01,8771.12,10135.01,91,6626.37,13,795.16,92
OP-01487,2026-05-26,East,EA-02,7785.60,8445.84,111,7446.13,12,372.30,81
OP-01488,2026-05-26,East,EA-03,12318.99,7917.98,88,7514.44,8,751.44,81
OP-01489,2026-05-26,East,EA-04,11629.12,8762.56,89,6626.37,11,463.84,79
OP-01490,2026-05-26,East,EA-05,8475.46,9923.87,99,5191.79,11,571.09,86
OP-01491,2026-05-27,East,EA-01,9460.98,8023.55,81,6421.43,11,706.35,85
OP-01492,2026-05-27,East,EA-02,9362.43,9818.29,105,6694.68,8,401.68,82
OP-01493,2026-05-27,East,EA-03,8574.01,8129.12,114,7309.50,8,438.57,96
OP-01494,2026-05-27,East,EA-04,8771.12,10135.01,81,7787.69,10,856.64,81
OP-01495,2026-05-27,East,EA-05,7982.70,11718.61,112,6421.43,12,513.71,88
OP-01496,2026-05-28,East,EA-01,8278.36,10768.45,78,7856.00,10,942.72,78
OP-01497,2026-05-28,East,EA-02,9362.43,9290.43,112,7241.19,8,434.47,90
OP-01498,2026-05-28,East,EA-03,10939.26,10874.02,119,5465.05,10,327.90,80
OP-01499,2026-05-28,East,EA-04,7785.60,9923.87,103,6216.49,11,745.97,76
OP-01500,2026-05-28,East,EA-05,8278.36,9290.43,89,7377.81,9,442.66,78
OP-01501,2026-05-01,West,WE-01,8016.60,12168.19,110,5522.58,10,607.48,82
OP-01502,2026-05-01,West,WE-02,7913.82,10296.16,101,6655.42,13,399.32,87
OP-01503,2026-05-01,West,WE-03,8736.04,9672.15,111,7646.65,11,382.33,81
OP-01504,2026-05-01,West,WE-04,12538.79,8840.13,81,6301.41,12,378.08,92
OP-01505,2026-05-01,West,WE-05,9763.81,8112.12,90,5380.98,10,322.85,91
OP-01506,2026-05-04,West,WE-01,9044.37,11544.18,84,7505.05,13,825.55,81
OP-01507,2026-05-04,West,WE-02,11922.12,9568.15,80,7434.25,10,520.39,82
OP-01508,2026-05-04,West,WE-03,10586.02,12480.19,94,8071.47,10,968.57,84
OP-01509,2026-05-04,West,WE-04,10688.80,7800.12,90,7221.84,9,649.96,88
OP-01510,2026-05-04,West,WE-05,12333.23,13000.20,86,5451.78,14,545.17,76
OP-01511,2026-05-05,West,WE-01,7811.05,10920.17,94,8425.48,9,505.52,96
OP-01512,2026-05-05,West,WE-02,12024.90,11960.18,130,6018.20,9,541.63,94
OP-01513,2026-05-05,West,WE-03,10688.80,8840.13,90,7859.06,12,785.90,84
OP-01514,2026-05-05,West,WE-04,9249.92,9256.14,122,8283.87,9,828.38,84
OP-01515,2026-05-05,West,WE-05,9558.25,10920.17,84,5805.79,9,406.40,94
OP-01516,2026-05-06,West,WE-01,9147.15,10296.16,81,7646.65,13,688.19,94
OP-01517,2026-05-06,West,WE-02,9969.36,12792.19,117,8779.49,10,965.74,84
OP-01518,2026-05-06,West,WE-03,11202.68,11336.17,111,6726.22,12,470.83,85
OP-01519,2026-05-06,West,WE-04,9147.15,12272.19,117,6372.21,13,573.49,86
OP-01520,2026-05-06,West,WE-05,8941.59,8112.12,107,5947.40,13,713.68,86
OP-01521,2026-05-07,West,WE-01,10380.47,11024.17,81,8071.47,13,968.57,88
OP-01522,2026-05-07,West,WE-02,12127.68,11024.17,123,7859.06,9,785.90,83
OP-01523,2026-05-07,West,WE-03,11819.35,9672.15,96,5593.39,9,503.40,79
OP-01524,2026-05-07,West,WE-04,10380.47,8320.13,122,7434.25,13,669.08,80
OP-01525,2026-05-07,West,WE-05,8427.71,12272.19,86,6938.63,13,832.63,87
OP-01526,2026-05-08,West,WE-01,8633.26,11128.17,126,5380.98,11,484.28,84
OP-01527,2026-05-08,West,WE-02,12127.68,11960.18,121,7363.44,13,736.34,85
OP-01528,2026-05-08,West,WE-03,10380.47,11336.17,116,8708.69,9,609.60,76
OP-01529,2026-05-08,West,WE-04,8324.93,12168.19,85,8000.67,12,400.03,77
OP-01530,2026-05-08,West,WE-05,8530.48,10920.17,127,7788.26,10,389.41,78
OP-01531,2026-05-11,West,WE-01,9866.58,9256.14,104,6372.21,10,446.05,83
OP-01532,2026-05-11,West,WE-02,12230.45,13000.20,121,7505.05,9,375.25,96
OP-01533,2026-05-11,West,WE-03,8736.04,9984.15,112,5664.19,9,396.49,80
OP-01534,2026-05-11,West,WE-04,12024.90,9672.15,119,7929.86,10,792.98,93
OP-01535,2026-05-11,WEST,WE-05,8633.26,10400.16,88,7080.23,14,637.22,84
OP-01536,2026-05-12,West,WE-01,10483.25,12584.19,101,7221.84,14,361.09,94
OP-01537,2026-05-12,West,WE-02,7811.05,7904.12,130,5805.79,10,464.46,90
OP-01538,2026-05-12,West,WE-03,8427.71,10296.16,120,5310.18,9,637.22,89
OP-01539,2026-05-12,West,WE-04,9352.70,12272.19,81,8637.89,13,604.65,92
OP-01540,2026-05-12,West,WE-05,11922.12,8008.12,82,8142.27,9,569.95,91
OP-01541,2026-05-13,West,WE-01,10483.25,10088.15,78,7434.25,9,817.76,80
OP-01542,2026-05-13,West,WE-02,8941.59,9152.14,86,5805.79,9,464.46,86
OP-01543,2026-05-13,West,WE-03,8838.82,11128.17,91,7575.85,13,833.34,95
OP-01544,2026-05-13,West,WE-04,10072.14,11960.18,80,7646.65,11,764.66,96
OP-01545,2026-05-13,West,WE-05,9558.25,10400.16,85,7575.85,11,833.34,84
OP-01546,2026-05-14,West,WE-01,8736.04,10712.16,94,7929.86,11,475.79,84
OP-01547,2026-05-14,West,WE-02,8324.93,7800.12,107,7859.06,12,785.90,77
OP-01548,2026-05-14,West,WE-03,8016.60,9048.14,117,5593.39,14,391.53,89
OP-01549,2026-05-14,West,WE-04,9352.70,9256.14,85,8213.07,10,410.65,88
OP-01550,2026-05-14,West,WE-05,9044.37,12480.19,124,8708.69,11,522.52,84
OP-01551,2026-05-15,West,WE-01,10688.80,8320.13,91,7080.23,14,354.01,95
OP-01552,2026-05-15,West,WE-02,9044.37,9048.14,104,8142.27,8,895.64,77
OP-01553,2026-05-15,West,WE-03,11613.79,12480.19,106,7505.05,10,900.60,84
OP-01554,2026-05-15,West,WE-04,10894.35,11232.17,122,6655.42,13,399.32,79
OP-01555,2026-05-15,West,WE-05,7811.05,9672.15,125,5805.79,11,406.40,77
OP-01556,2026-05-18,West,WE-01,8119.38,11648.18,93,5734.99,12,401.44,85
OP-01557,2026-05-18,West,WE-02,7913.82,11544.18,88,5380.98,13,322.85,87
OP-01558,2026-05-18,West,WE-03,10997.13,12168.18,103,8496.28,11,594.73,88
OP-01559,2026-05-18,West,WE-04,9147.15,11336.17,88,8142.27,9,651.38,78
OP-01560,2026-05-18,West,WE-05,12127.68,7904.12,120,8496.28,9,849.62,89
OP-01561,2026-05-19,West,WE-01,7811.05,10296.16,114,7929.86,14,792.98,80
OP-01562,2026-05-19,West,WE-02,10380.47,8736.13,111,8425.48,12,589.78,92
OP-01563,2026-05-19,West,WE-03,12024.90,9464.14,116,5380.98,11,269.04,92
OP-01564,2026-05-19,West,WE-04,9147.15,12064.18,109,8850.29,9,796.52,95
OP-01565,2026-05-19,West,WE-05,10997.13,8944.14,91,8708.69,10,957.95,90
OP-01566,2026-05-20,West,WE-01,10483.25,11128.17,124,5522.58,10,662.70,79
OP-01567,2026-05-20,West,WE-02,12024.90,7904.12,111,7363.44,9,515.44,87
OP-01568,2026-05-20,West,WE-03,10483.25,11232.17,129,8779.49,13,790.15,94
OP-01569,2026-05-20,West,WE-04,10072.14,7904.12,80,8283.87,9,662.70,89
OP-01570,2026-05-20,West,WE-05,8530.48,10920.17,117,5947.40,9,356.84,90
OP-01571,2026-05-21,West,WE-01,8941.59,11128.17,89,6938.63,10,416.31,77
OP-01572,2026-05-21,West,WE-02,11922.12,8112.12,119,6230.61,11,498.44,95
OP-01573,2026-05-21,West,WE-03,11099.91,12168.18,96,6867.83,9,686.78,77
OP-01574,2026-05-21,West,WE-04,12847.12,10400.16,84,6867.83,13,755.46,82
OP-01575,2026-05-21,West,WE-05,10483.25,10400.16,97,8850.29,13,796.52,93
OP-01576,2026-05-22,West,WE-01,8016.60,12584.19,121,5876.60,13,293.83,80
OP-01577,2026-05-22,West,WE-02,10688.80,10608.16,113,8283.87,10,745.54,91
OP-01578,2026-05-22,West,WE-03,10688.80,9360.14,96,6443.01,9,773.16,86
OP-01579,2026-05-22,West,WE-04,10997.13,9568.15,93,6018.20,9,361.09,95
OP-01580,2026-05-22,West,WE-05,9866.58,9984.15,109,6867.83,13,755.46,95
OP-01581,2026-05-25,West,WE-01,8941.59,12688.19,81,6513.82,12,781.65,81
OP-01582,2026-05-25,West,WE-02,12230.45,11128.17,109,7929.86,9,951.58,80
OP-01583,2026-05-25,West,WE-03,8530.48,9360.14,120,8567.08,14,428.35,88
OP-01584,2026-05-25,West,WE-04,8119.38,8216.12,87,5805.79,9,348.34,86
OP-01585,2026-05-25,West,WE-05,9455.48,13000.20,127,5593.39,11,503.40,91
OP-01586,2026-05-26,West,WE-01,9249.92,11648.18,118,8354.68,13,919.01,86
OP-01587,2026-05-26,West,WE-02,11202.68,10712.16,91,6655.42,12,532.43,89
OP-01588,2026-05-26,West,WE-03,9249.92,9256.14,130,8213.07,13,739.17,76
OP-01589,2026-05-26,West,WE-04,11305.46,9984.15,87,6159.80,9,615.98,77
OP-01590,2026-05-26,West,WE-05,12230.45,9568.15,106,5380.98,10,645.71,81
OP-01591,2026-05-27,West,WE-01,11613.79,11440.17,103,7434.25,9,446.05,88
OP-01592,2026-05-27,West,WE-02,8119.38,12168.18,89,7292.64,13,510.48,91
OP-01593,2026-05-27,West,WE-03,12127.68,11440.17,79,7505.05,11,600.40,82
OP-01594,2026-05-27,West,WE-04,9866.58,12168.18,105,6301.41,10,315.07,78
OP-01595,2026-05-27,West,WE-05,10483.25,12272.19,123,5947.40,13,535.26,90
OP-01596,2026-05-28,West,WE-01,11099.91,7904.12,117,8496.28,9,1019.55,81
OP-01597,2026-05-28,West,WE-02,10277.69,11648.18,114,7363.44,14,441.80,90
OP-01598,2026-05-28,West,WE-03,12744.34,10504.16,113,6301.41,14,378.08,91
OP-01599,2026-05-28,West,WE-04,7913.82,9672.15,127,5876.60,10,470.12,80
OP-01600,2026-05-28,West,WE-05,11099.91,11544.18,97,8354.68,8,919.01,89
OP-01601,2026-05-01,Central,CE-01,11343.73,7854.18,84,6246.95,13,624.69,95
OP-01602,2026-05-01,Central,CE-02,7596.25,12566.69,132,9257.52,14,462.87,79
OP-01603,2026-05-01,Central,CE-03,8609.08,10262.79,80,9257.52,12,740.60,77
OP-01604,2026-05-01,Central,CE-04,7697.53,7854.18,106,5870.62,12,528.35,90
OP-01605,2026-05-01,Central,CE-05,12457.85,9215.57,86,7074.85,9,495.23,81
OP-01606,2026-05-04,Central,CE-01,11748.86,12566.69,114,6171.68,13,308.58,79
OP-01607,2026-05-04,Central,CE-02,8001.38,11205.30,117,7978.03,13,797.80,82
OP-01608,2026-05-04,Central,CE-03,11850.15,10681.68,119,9332.79,10,653.29,81
OP-01609,2026-05-04,Central,CE-04,7697.53,13090.30,111,5644.83,13,282.24,91
OP-01610,2026-05-04,Central,CE-05,9115.50,10158.07,91,8580.14,11,686.41,82
OP-01611,2026-05-05,Central,CE-01,8102.67,13090.30,94,7978.03,13,558.46,83
OP-01612,2026-05-05,Central,CE-02,11546.30,10786.41,134,7300.65,11,511.04,76
OP-01613,2026-05-05,Central,CE-03,11445.01,9320.29,112,6548.00,9,720.28,77
OP-01614,2026-05-05,Central,CE-04,11141.16,10053.35,133,8053.29,11,563.73,95
OP-01615,2026-05-05,Central,CE-05,10128.33,10053.35,102,8805.93,13,616.41,77
OP-01616,2026-05-06,Central,CE-01,7900.10,11938.35,111,5945.89,13,475.67,82
OP-01617,2026-05-06,Central,CE-02,11951.43,12671.41,123,6021.15,10,541.90,76
OP-01618,2026-05-06,Central,CE-03,10128.33,11728.91,107,7074.85,13,636.73,93
OP-01619,2026-05-06,Central,CE-04,9520.63,11624.19,119,7300.65,10,803.07,93
OP-01620,2026-05-06,Central,CE-05,10736.03,10158.07,117,5644.83,14,451.58,76
OP-01621,2026-05-07,Central,CE-01,12660.41,11938.35,107,6623.27,14,529.86,83
OP-01622,2026-05-07,Central,CE-02,11242.45,10158.07,115,5720.09,11,514.80,96
OP-01623,2026-05-07,Central,CE-03,12154.00,8063.62,121,6999.59,9,489.97,88
OP-01624,2026-05-07,Central,CE-04,9723.20,9425.02,89,8203.82,11,820.38,96
OP-01625,2026-05-07,Central,CE-05,8406.52,13090.30,110,7676.97,12,767.69,86
OP-01626,2026-05-08,Central,CE-01,9824.48,12566.69,108,7074.85,10,707.48,79
OP-01627,2026-05-08,Central,CE-02,9216.78,8691.96,116,7902.76,11,711.24,77
OP-01628,2026-05-08,Central,CE-03,12457.85,9529.74,103,7902.76,9,632.22,89
OP-01629,2026-05-08,Central,CE-04,9723.20,10681.68,119,7225.38,11,578.03,92
OP-01630,2026-05-08,Central,CE-05,10837.32,7958.90,108,6698.53,13,468.89,89
OP-01631,2026-05-11,Central,CE-01,10533.47,9529.74,120,5795.36,13,579.53,78
OP-01632,2026-05-11,Central,CE-02,8001.38,11310.02,80,6623.27,14,794.79,92
OP-01633,2026-05-11,Central,CE-03,8912.93,10472.24,90,6698.53,10,334.92,78
OP-01634,2026-05-11,Central,CE-04,10634.75,12147.80,121,6246.95,12,687.16,79
OP-01635,2026-05-11,Central,CE-05,10938.60,12671.41,114,8128.55,9,975.42,80
OP-01636,2026-05-12,Central,CE-01,9216.78,11414.74,113,8279.08,13,827.90,89
OP-01637,2026-05-12,Central,CE-02,7697.53,12776.13,105,8354.35,9,417.71,89
OP-01638,2026-05-12,Central,CE-03,9014.22,9843.90,98,6171.68,10,678.88,95
OP-01639,2026-05-12,Central,CE-04,10533.47,11938.35,109,7526.44,12,602.11,90
OP-01640,2026-05-12,Central,CE-05,9014.22,11310.02,101,6623.27,10,728.55,87
OP-01641,2026-05-13,Central,CE-01,10432.18,10262.79,89,6924.32,14,761.67,82
OP-01642,2026-05-13,Central,CE-02,8609.08,9006.13,121,8805.93,10,528.35,85
OP-01643,2026-05-13,Central,CE-03,8102.67,10158.07,128,6246.95,12,499.75,90
OP-01644,2026-05-13,Central,CE-04,11141.16,9739.18,121,7601.70,11,608.13,
OP-01645,2026-05-13,Central,CE-05,8710.37,8901.40,131,8730.67,12,523.84,88
OP-01646,2026-05-14,Central,CE-01,8102.67,10158.07,85,8580.14,11,429.00,95
OP-01647,2026-05-14,Central,CE-02,11039.88,12671.41,122,6472.74,10,388.36,94
OP-01648,2026-05-14,Central,CE-03,12052.71,8482.51,112,9257.52,14,833.17,81
OP-01649,2026-05-14,Central,CE-04,11445.01,10472.24,106,5795.36,14,695.44,86
OP-01650,2026-05-14,Central,CE-05,11141.16,9634.46,95,7375.91,9,811.35,88
OP-01651,2026-05-15,Central,CE-01,12559.13,7854.18,83,8429.61,14,842.96,78
OP-01652,2026-05-15,Central,CE-02,10938.60,10472.24,92,8881.20,12,444.06,84
OP-01653,2026-05-15,Central,CE-03,10229.62,9320.29,83,9106.99,14,1001.76,84
OP-01654,2026-05-15,Central,CE-04,9115.50,8587.24,100,6246.94,10,749.63,83
OP-01655,2026-05-15,Central,CE-05,11748.86,9110.85,119,7827.50,13,704.47,94
OP-01656,2026-05-18,Central,CE-01,7900.10,10995.85,90,8354.35,12,918.97,80
OP-01657,2026-05-18,Central,CE-02,10330.90,12776.13,90,8429.61,12,927.25,96
OP-01658,2026-05-18,Central,CE-03,10330.90,8063.62,83,5795.36,11,521.58,86
OP-01659,2026-05-18,Central,CE-04,11039.88,8482.51,90,8279.08,11,827.90,92
OP-01660,2026-05-18,Central,CE-05,12559.13,12147.80,102,6096.42,9,426.74,96
OP-01661,2026-05-19,Central,CE-01,11141.16,12043.07,84,6397.47,12,575.77,83
OP-01662,2026-05-19,Central,CE-02,10229.62,8796.68,83,6924.32,14,830.91,77
OP-01663,2026-05-19,Central,CE-03,10533.47,8063.62,89,9408.05,10,940.80,80
OP-01664,2026-05-19,Central,CE-04,11748.86,12461.96,108,5720.09,12,457.60,77
OP-01665,2026-05-19,Central,CE-05,8609.08,9529.74,82,8429.61,13,758.66,78
OP-01666,2026-05-20,Central,CE-01,10634.75,12043.07,115,6021.15,11,421.48,80
OP-01667,2026-05-20,Central,CE-02,9520.63,10995.85,132,5945.89,12,475.67,79
OP-01668,2026-05-20,Central,CE-03,12356.56,9634.46,120,7451.18,10,372.55,95
OP-01669,2026-05-20,Central,CE-04,7900.10,12043.07,107,6021.15,14,481.69,93
OP-01670,2026-05-20,Central,CE-05,10330.90,10576.96,85,6773.80,14,474.16,93
OP-01671,2026-05-21,Central,CE-01,12559.13,7854.18,116,8279.08,13,496.74,93
OP-01672,2026-05-21,Central,CE-02,9621.92,12880.85,104,6472.74,11,712.00,87
OP-01673,2026-05-21,Central,CE-03,12457.85,11100.57,102,8655.41,14,432.77,94
OP-01674,2026-05-21,Central,CE-04,12457.85,8587.24,119,6924.32,13,415.45,90
OP-01675,2026-05-21,Central,CE-05,10837.32,10262.79,84,8730.67,14,785.76,76
OP-01676,2026-05-22,Central,CE-01,10938.60,9843.90,122,7601.70,14,836.18,76
OP-01677,2026-05-22,Central,CE-02,10432.18,11310.02,82,8279.08,12,827.90,85
OP-01678,2026-05-22,Central,CE-03,8912.93,11100.57,130,8580.14,10,429.00,86
OP-01679,2026-05-22,Central,CE-04,11343.73,11414.74,93,8730.67,12,436.53,93
OP-01680,2026-05-22,Central,CE-05,9014.22,8901.40,118,8279.08,10,579.53,82
OP-01681,2026-05-25,Central,CE-01,9824.48,9110.85,117,8881.20,10,799.30,84
OP-01682,2026-05-25,Central,CE-02,9925.77,11624.19,95,6246.94,11,749.63,89
OP-01683,2026-05-25,Central,CE-03,9520.63,12776.13,114,5720.09,11,457.60,78
OP-01684,2026-05-25,Central,CE-04,8811.65,11938.35,99,6548.00,10,654.80,78
OP-01685,2026-05-25,Central,CE-05,10837.32,12461.96,124,8956.46,12,537.38,92
OP-01686,2026-05-26,Central,CE-01,11546.30,12566.69,94,6773.80,9,406.42,78
OP-01687,2026-05-26,Central,CE-02,11343.73,9110.85,134,8805.93,9,792.53,83
OP-01688,2026-05-26,Central,CE-03,9824.48,10472.24,98,7601.70,12,760.17,87
OP-01689,2026-05-26,Central,CE-04,12660.41,11100.57,93,7978.03,12,797.80,81
OP-01690,2026-05-26,Central,CE-05,8305.23,10262.79,124,7300.65,13,730.06,91
OP-01691,2026-05-27,Central,CE-01,11647.58,8168.35,101,8053.29,11,724.79,91
OP-01692,2026-05-27,Central,CE-02,9115.50,10262.79,126,8429.61,12,927.25,78
OP-01693,2026-05-27,Central,CE-03,10432.18,11624.19,100,8956.46,13,985.21,80
OP-01694,2026-05-27,Central,CE-04,12559.13,10995.85,88,6623.27,14,728.55,82
OP-01695,2026-05-27,Central,CE-05,9419.35,8691.96,120,6021.15,9,662.32,91
OP-01696,2026-05-28,Central,CE-01,12356.56,12461.96,98,5870.62,14,645.76,86
OP-01697,2026-05-28,Central,CE-02,8001.38,10472.24,105,5870.62,13,352.23,89
OP-01698,2026-05-28,Central,CE-03,11546.30,11624.19,105,7601.70,9,456.10,83
OP-01699,2026-05-28,Central,CE-04,11748.86,12566.69,102,8580.14,12,772.21,96
OP-01700,2026-05-28,Central,CE-05,8001.38,12566.69,107,6472.74,14,776.72,92
OP-01701,2026-05-01,Coast,CO-01,8114.63,12096.39,82,8808.06,13,792.72,93
OP-01702,2026-05-01,Coast,CO-02,11697.71,12626.93,109,9111.79,13,546.70,79
OP-01703,2026-05-01,Coast,CO-03,10749.25,10080.33,128,7896.89,12,710.72,84
OP-01704,2026-05-01,Coast,CO-04,10960.02,12520.83,97,7593.16,10,911.17,86
OP-01705,2026-05-01,Coast,CO-05,12435.40,12202.50,90,7896.89,16,552.78,95
OP-01706,2026-05-04,Coast,CO-01,12330.02,11459.74,119,8504.34,12,765.39,79
OP-01707,2026-05-04,Coast,CO-02,9590.01,8913.13,82,5846.73,11,584.67,91
OP-01708,2026-05-04,Coast,CO-03,12119.25,12626.93,84,6378.25,16,446.47,77
OP-01709,2026-05-04,Coast,CO-04,10116.94,10080.33,134,6985.71,13,838.28,92
OP-01710,2026-05-04,Coast,CO-05,12119.25,8382.59,115,6909.77,10,345.48,80
OP-01711,2026-05-05,Coast,CO-01,12962.33,10186.43,117,7061.64,15,423.69,92
OP-01712,2026-05-05,Coast,CO-02,11803.09,12520.83,111,9415.52,13,564.93,92
OP-01713,2026-05-05,Coast,CO-03,10960.01,11990.28,115,5922.66,11,592.26,77
OP-01714,2026-05-05,Coast,CO-04,10116.94,10186.43,93,5922.66,15,473.81,80
OP-01715,2026-05-05,Coast,CO-05,8536.17,11035.30,129,6378.25,12,701.60,95
OP-01716,2026-05-06,Coast,CO-01,9800.78,8064.26,93,5998.60,12,539.87,85
OP-01717,2026-05-06,Coast,CO-02,11697.71,11035.30,131,8504.34,10,1020.52,77
OP-01718,2026-05-06,Coast,CO-03,9906.17,13051.37,118,8124.68,13,893.71,87
OP-01719,2026-05-06,Coast,CO-04,10749.25,8276.48,83,6909.77,13,829.17,80
OP-01720,2026-05-06,Coast,CO-05,12330.02,10186.43,118,6681.98,12,400.91,80
OP-01721,2026-05-07,Coast,CO-01,10327.71,10292.54,85,6757.91,10,675.79,92
OP-01722,2026-05-07,Coast,CO-02,9168.47,10823.09,125,8732.13,11,523.92,93
OP-01723,2026-05-07,Coast,CO-03,12540.79,9655.89,114,7289.43,13,437.36,79
OP-01724,2026-05-07,Coast,CO-04,10749.25,11141.41,135,6530.12,14,326.50,92
OP-01725,2026-05-07,Coast,CO-05,12751.56,7958.15,103,6833.84,11,615.04,79
OP-01726,2026-05-08,Coast,CO-01,10643.86,8807.02,111,8580.27,13,1029.63,96
OP-01727,2026-05-08,Coast,CO-02,11908.48,12520.82,99,8124.68,11,731.22,85
OP-01728,2026-05-08,Coast,CO-03,8536.17,11671.96,121,7365.36,12,883.84,83
OP-01729,2026-05-08,Coast,CO-04,11170.78,10292.54,109,7896.88,10,868.65,76
OP-01730,2026-05-08,Coast,CO-05,8430.78,9762.00,98,8732.13,10,873.21,84
OP-01731,2026-05-11,Coast,CO-01,9063.09,13157.48,107,7593.16,10,531.52,88
OP-01732,2026-05-11,Coast,CO-02,12330.02,12945.26,129,6909.77,13,760.07,89
OP-01733,2026-05-11,Coast,CO-03,8641.55,9868.11,83,8808.06,12,792.72,85
OP-01734,2026-05-11,Coast,CO-04,10327.71,12308.61,90,9339.59,15,466.97,88
OP-01735,2026-05-11,Coast,CO-05,8114.63,8700.91,99,8656.20,12,952.18,89
OP-01736,2026-05-12,Coast,CO-01,10960.01,11565.85,118,8732.13,13,1047.85,84
OP-01737,2026-05-12,Coast,CO-02,12013.86,10186.43,135,8656.20,11,605.93,84
OP-01738,2026-05-12,Coast,CO-03,10960.01,12945.26,122,5846.73,10,292.33,88
OP-01739,2026-05-12,Coast,CO-04,11803.09,11990.28,98,9415.52,13,659.08,82
OP-01740,2026-05-12,Coast,CO-05,8641.55,7958.15,98,8428.41,10,1011.40,88
OP-01741,2026-05-13,Coast,CO-01,8114.63,8488.69,85,7820.95,12,938.51,88
OP-01742,2026-05-13,Coast,CO-02,12540.79,12414.72,101,6909.77,13,414.58,94
OP-01743,2026-05-13,Coast,CO-03,12751.56,9762.00,125,7593.16,12,607.45,83
OP-01744,2026-05-13,Coast,CO-04,8009.24,9974.22,86,6454.18,10,451.79,84
OP-01745,2026-05-13,Coast,CO-05,11803.09,10504.76,123,7593.16,11,379.65,94
OP-01746,2026-05-14,Coast,CO-01,8114.63,11884.17,117,6833.84,12,546.70,78
OP-01747,2026-05-14,Coast,CO-02,9695.40,11990.28,115,7441.30,12,669.71,88
OP-01748,2026-05-14,Coast,CO-03,12540.79,9019.24,135,5922.66,10,651.49,85
OP-01749,2026-05-14,Coast,CO-04,10433.09,12414.72,83,8200.61,14,984.07,81
OP-01750,2026-05-14,Coast,CO-05,10538.48,11247.52,103,6909.77,10,690.97,88
OP-01751,2026-05-15,Coast,CO-01,12119.25,9868.11,117,8352.47,13,835.24,87
OP-01752,2026-05-15,Coast,CO-02,9379.24,10292.54,89,7061.64,15,494.31,84
OP-01753,2026-05-15,Coast,CO-03,8746.93,9549.78,88,7669.09,13,460.14,94
OP-01754,2026-05-15,Coast,CO-04,9484.63,13051.37,102,8580.27,14,772.22,80
OP-01755,2026-05-15,Coast,CO-05,9273.86,10080.33,104,7441.30,14,818.54,80
OP-01756,2026-05-18,Coast,CO-01,9484.63,11141.41,116,6454.18,12,322.70,89
OP-01757,2026-05-18,Coast,CO-02,12962.33,12520.82,93,8884.00,14,621.88,79
OP-01758,2026-05-18,Coast,CO-03,12540.79,10929.19,102,8808.06,11,528.48,88
OP-01759,2026-05-18,Coast,CO-04,13173.10,9868.11,97,7669.09,10,536.83,77
OP-01760,2026-05-18,Coast,CO-05,10116.94,8913.13,126,7213.50,15,432.81,87
OP-01761,2026-05-19,Coast,CO-01,11381.55,9868.11,104,9491.45,15,1044.05,77
OP-01762,2026-05-19,Coast,CO-02,9484.63,9762.00,88,8808.06,10,792.72,76
OP-01763,2026-05-19,Coast,CO-03,9063.09,9655.89,94,8580.27,14,858.02,77
OP-01764,2026-05-19,Coast,CO-04,8114.63,13051.37,81,8352.47,14,668.19,85
OP-01765,2026-05-19,Coast,CO-05,10643.86,13051.37,82,7213.50,16,865.62,88
OP-01766,2026-05-20,Coast,CO-01,12540.79,12945.26,125,8656.20,13,952.18,86
OP-01767,2026-05-20,Coast,CO-02,10327.71,8594.80,110,7137.57,15,785.13,88
OP-01768,2026-05-20,Coast,CO-03,9906.17,10610.87,124,9111.79,16,455.58,89
OP-01769,2026-05-20,Coast,CO-04,11381.55,9125.35,111,7517.23,13,451.03,93
OP-01770,2026-05-20,Coast,CO-05,9695.40,11141.41,124,6606.05,15,396.36,76
OP-01771,2026-05-21,Coast,CO-01,11276.17,11671.96,129,7289.43,16,656.04,96
OP-01772,2026-05-21,Coast,CO-02,10011.55,10716.98,120,7669.09,12,536.83,87
OP-01773,2026-05-21,Coast,CO-03,8009.24,10716.98,128,8959.93,11,716.79,87
OP-01774,2026-05-21,Coast,CO-04,9590.01,9231.46,106,7820.95,11,625.67,92
OP-01775,2026-05-21,Coast,CO-05,10854.63,10610.87,92,9339.59,10,1027.35,92
OP-01776,2026-05-22,Coast,CO-01,12646.17,8488.69,116,8200.61,10,656.04,87
OP-01777,2026-05-22,Coast,CO-02,8957.70,12414.72,131,8580.27,10,600.61,84
OP-01778,2026-05-22,Coast,CO-03,10116.94,8700.91,132,6681.98,16,668.19,96
OP-01779,2026-05-22,Coast,CO-04,8009.24,9549.78,98,9111.79,12,546.70,91
OP-01780,2026-05-22,Coast,CO-05,8746.93,10823.09,98,5922.66,12,533.03,96
OP-01781,2026-05-25,Coast,CO-01,8220.01,9337.56,121,8656.20,10,779.05,77
OP-01782,2026-05-25,Coast,CO-02,8536.17,11990.28,111,6606.05,14,594.54,91
OP-01783,2026-05-25,Coast,CO-03,8536.17,10823.09,96,6226.39,15,498.11,82
OP-01784,2026-05-25,Coast,CO-04,8009.24,10504.76,130,7213.50,12,360.67,88
OP-01785,2026-05-25,Coast,CO-05,8536.17,13263.59,133,9263.65,12,555.81,94
OP-01786,2026-05-26,Coast,CO-01,11276.17,11247.52,99,5694.87,10,569.48,94
OP-01787,2026-05-26,Coast,CO-02,12013.86,10823.09,114,7517.23,12,902.06,90
OP-01788,2026-05-26,Coast,CO-03,12962.33,7958.15,92,6302.32,10,567.20,94
OP-01789,2026-05-26,Coast,CO-04,9484.63,10292.54,109,8276.54,13,662.12,92
OP-01790,2026-05-26,Coast,CO-05,10116.94,10186.43,90,6454.18,16,774.50,91
OP-01791,2026-05-27,Coast,CO-01,11276.17,12626.93,131,8048.75,12,402.43,83
OP-01792,2026-05-27,Coast,CO-02,12962.33,12626.93,99,7517.23,13,902.06,90
OP-01793,2026-05-27,Coast,CO-03,9906.17,11141.41,108,6454.18,11,516.33,94
OP-01794,2026-05-27,Coast,CO-04,11908.48,8807.02,122,6606.05,13,726.66,76
OP-01795,2026-05-27,Coast,CO-05,8746.93,8276.48,92,8048.75,10,885.36,94
OP-01796,2026-05-28,Coast,CO-01,12751.56,12945.26,106,5770.80,15,577.08,82
OP-01797,2026-05-28,Coast,CO-02,12962.33,13263.59,114,8124.68,10,893.71,79
OP-01798,2026-05-28,Coast,CO-03,10327.71,8170.37,130,8732.13,11,523.92,93
OP-01799,2026-05-28,Coast,CO-04,10643.86,10398.65,110,9187.72,13,643.14,83
OP-01800,2026-05-28,Coast,CO-05,9063.09,8594.80,116,8124.68,14,812.46,93
OP-01801,2026-06-01,North,NO-01,9080.66,12017.52,89,7554.76,17,453.28,85
OP-01802,2026-06-01,North,NO-02,7934.55,11304.61,119,7628.11,15,839.09,90
OP-01803,2026-06-01,North,NO-03,7052.94,10286.18,114,6674.60,13,400.47,83
OP-01804,2026-06-01,North,NO-04,8992.49,7943.78,115,7041.33,19,352.06,86
OP-01805,2026-06-01,North,NO-05,10403.08,9878.81,136,7848.15,18,784.81,90
OP-01806,2026-06-02,North,NO-01,6700.29,8045.62,131,7774.80,16,544.23,91
OP-01807,2026-06-02,North,NO-02,9256.98,8147.47,118,6601.25,19,660.12,91
OP-01808,2026-06-02,North,NO-03,9433.30,12628.58,89,8288.23,13,414.41,91
OP-01809,2026-06-02,North,NO-04,7581.91,12221.20,134,7114.68,15,426.88,79
OP-01810,2026-06-02,North,NO-05,8375.36,8249.31,126,8361.58,12,836.15,96
OP-01811,2026-06-03,North,NO-01,9609.63,9471.43,97,7994.85,19,399.74,76
OP-01812,2026-06-03,North,NO-02,8816.17,10795.40,107,7041.33,13,492.89,87
OP-01813,2026-06-03,North,NO-03,6700.29,12526.73,111,6527.90,17,391.67,90
OP-01814,2026-06-03,North,NO-04,6964.78,9675.12,119,6454.55,13,580.90,77
OP-01815,2026-06-03,North,NO-05,9962.27,8758.53,89,9021.71,13,721.73,93
OP-01816,2026-06-04,North,NO-01,10843.89,12424.89,109,8654.97,16,1038.59,94
OP-01817,2026-06-04,North,NO-02,10755.73,7841.94,132,6967.99,18,766.47,94
OP-01818,2026-06-04,North,NO-03,10579.41,8656.69,106,5721.08,15,514.89,86
OP-01819,2026-06-04,North,NO-04,7141.10,7841.94,89,9021.71,19,631.51,91
OP-01820,2026-06-04,North,NO-05,8287.20,7740.09,121,8801.67,15,440.08,84
OP-01821,2026-06-05,North,NO-01,10138.60,10693.55,101,7481.42,18,673.32,90
OP-01822,2026-06-05,North,NO-02,9256.98,8351.16,83,6381.21,12,638.12,76
OP-01823,2026-06-05,North,NO-03,9785.95,7841.94,130,6234.51,14,311.72,88
OP-01824,2026-06-05,North,NO-04,9080.66,11711.99,96,7481.42,15,523.69,94
OP-01825,2026-06-05,North,NO-05,10491.24,7841.94,89,5941.12,13,415.87,86
OP-01826,2026-06-08,North,NO-01,9785.95,7841.94,128,7701.46,13,693.13,78
OP-01827,2026-06-08,North,NO-02,8639.85,11202.77,98,8361.58,15,668.92,80
OP-01828,2026-06-08,North,NO-03,8728.01,12221.20,123,5574.39,15,445.95,88
OP-01829,2026-06-08,North,NO-04,9697.79,9471.43,92,8141.54,14,814.15,87
OP-01830,2026-06-08,North,NO-05,7141.10,11100.93,96,6234.51,13,685.79,82
OP-01831,2026-06-09,North,NO-01,10932.05,9369.59,101,7334.72,19,660.12,87
OP-01832,2026-06-09,North,NO-02,8110.88,10897.24,99,7114.68,18,498.02,88
OP-01833,2026-06-09,North,NO-03,8199.04,10082.49,114,6014.47,12,360.86,95
OP-01834,2026-06-09,North,NO-04,7052.94,9064.06,131,9168.40,12,1008.52,81
OP-01835,2026-06-09,North,NO-05,7052.94,9776.96,86,8068.19,19,968.18,90
OP-01836,2026-06-10,North,NO-01,10932.05,11202.77,85,6674.60,19,734.20,84
OP-01837,2026-06-10,North,NO-02,8551.69,8962.22,100,5501.04,19,495.09,83
OP-01838,2026-06-10,North,NO-03,10403.08,9267.75,112,6234.51,15,311.72,88
OP-01839,2026-06-10,North,NO-04,8199.04,12221.20,107,6454.55,12,516.36,80
OP-01840,2026-06-10,North,NO-05,7229.26,11202.77,102,8361.58,14,418.07,84
OP-01841,2026-06-11,North,NO-01,11020.21,7841.94,132,6601.25,18,594.11,95
OP-01842,2026-06-11,North,NO-02,9345.14,12017.52,133,6381.21,17,510.49,96
OP-01843,2026-06-11,North,NO-03,7493.75,8453.00,84,8434.93,18,421.74,84
OP-01844,2026-06-11,North,NO-04,7846.39,8045.62,94,7261.37,18,580.90,92
OP-01845,2026-06-11,North,NO-05,9080.66,12323.05,103,5574.39,14,445.95,89
OP-01846,2026-06-12,North,NO-01,8551.69,10388.02,116,8068.19,16,968.18,76
OP-01847,2026-06-12,North,NO-02,8728.01,12730.42,87,8434.93,17,927.84,84
OP-01848,2026-06-12,North,NO-03,7405.58,12424.89,95,8801.67,13,1056.20,95
OP-01849,2026-06-12,North,NO-04,7670.07,8962.22,128,6747.94,17,674.79,78
OP-01850,2026-06-12,North,NO-05,9521.46,8147.47,114,7628.11,19,457.68,90
OP-01851,2026-06-15,North,NO-01,10667.57,7841.94,116,5794.43,17,289.72,92
OP-01852,2026-06-15,North,NO-02,7052.94,10286.18,99,8728.32,13,610.98,79
OP-01853,2026-06-15,North,NO-03,9345.14,12424.89,101,7481.42,12,374.07,94
OP-01854,2026-06-15,North,NO-04,10579.41,9573.28,96,7848.15,17,863.29,78
OP-01855,2026-06-15,North,NO-05,9080.66,9267.75,84,7188.03,14,790.68,96
OP-01856,2026-06-16,North,NO-01,8375.36,11304.61,87,7628.11,15,839.09,86
OP-01857,2026-06-16,North,NO-02,9697.79,12526.73,96,6674.60,17,734.20,87
OP-01858,2026-06-16,North,NO-03,10138.60,8147.47,112,8728.32,19,610.98,87
OP-01859,2026-06-16,North,NO-04,7581.91,11406.46,135,6087.82,12,669.66,81
OP-01860,2026-06-16,North,NO-05,9168.82,8554.84,132,6894.64,20,482.62,85
OP-01861,2026-06-17,North,NO-01,7405.58,12221.20,130,5647.74,20,338.86,84
OP-01862,2026-06-17,North,NO-02,11020.21,7740.09,116,7774.80,15,932.97,85
OP-01863,2026-06-17,North,NO-03,10050.43,8656.69,120,7774.80,13,466.48,94
OP-01864,2026-06-17,North,NO-04,8110.88,9165.90,124,6747.94,15,404.87,77
OP-01865,2026-06-17,North,NO-05,7846.39,8860.37,123,8801.67,15,440.08,76
OP-01866,2026-06-18,North,NO-01,10491.24,8453.00,104,6234.51,14,311.72,77
OP-01867,2026-06-18,North,NO-02,11020.21,9573.28,109,6381.21,15,574.30,80
OP-01868,2026-06-18,North,NO-03,6964.78,7638.25,109,8948.36,18,447.41,95
OP-01869,2026-06-18,North,NO-04,9785.95,12730.42,86,9168.40,16,916.84,89
OP-01870,2026-06-18,North,NO-05,9168.82,10388.02,102,8141.54,13,976.98,79
OP-01871,2026-06-19,North,NO-01,8199.04,9980.65,97,6087.82,15,304.39,82
OP-01872,2026-06-19,North,NO-02,6612.13,9573.28,133,6894.64,15,689.46,79
OP-01873,2026-06-19,North,NO-03,6700.29,8758.53,119,7188.03,18,431.28,80
OP-01874,2026-06-19,North,NO-04,9521.46,10489.87,101,5941.12,15,415.87,88
OP-01875,2026-06-19,North,NO-05,10579.41,9573.28,99,6087.82,17,365.26,90
OP-01876,2026-06-22,North,NO-01,7405.58,12526.73,102,8434.93,19,421.74,90
OP-01877,2026-06-22,North,NO-02,7317.42,8656.69,87,7774.80,18,466.48,93
OP-01878,2026-06-22,North,NO-03,8199.04,10082.49,115,8801.67,15,616.11,81
OP-01879,2026-06-22,North,NO-04,10314.92,8758.53,106,8141.54,17,895.56,92
OP-01880,2026-06-22,North,NO-05,8639.85,10999.08,104,8581.62,14,686.52,88
OP-01881,2026-06-23,North,NO-01,6700.29,12628.58,101,8581.62,19,772.34,80
OP-01882,2026-06-23,North,NO-02,10138.60,10999.08,119,7701.46,13,847.16,88
OP-01883,2026-06-23,North,NO-03,9962.27,10897.24,124,6967.99,14,627.11,88
OP-01884,2026-06-23,North,NO-04,10226.76,9980.65,103,8581.62,18,514.89,85
OP-01885,2026-06-23,North,NO-05,7493.75,8351.16,110,7114.68,14,853.76,82
OP-01886,2026-06-24,North,NO-01,8463.52,8554.84,114,5941.12,19,415.87,86
OP-01887,2026-06-24,North,NO-02,7846.39,8758.53,119,7041.33,14,774.54,88
OP-01888,2026-06-24,North,NO-03,6964.78,12424.89,96,7481.42,16,673.32,92
OP-01889,2026-06-24,North,NO-04,9785.95,12323.05,131,7041.33,19,774.54,89
OP-01890,2026-06-24,North,NO-05,8287.20,8656.69,92,6601.25,17,594.11,85
OP-01891,2026-06-25,North,NO-01,7141.10,9165.90,98,7848.15,16,941.77,94
OP-01892,2026-06-25,North,NO-02,8904.33,11202.77,112,9168.40,16,458.42,85
OP-01893,2026-06-25,North,NO-03,8463.52,11711.99,104,8654.97,12,778.94,93
OP-01894,2026-06-25,North,NO-04,8375.36,10591.71,111,9095.05,19,818.55,84
OP-01895,2026-06-25,North,NO-05,9256.98,8554.84,124,6161.17,13,554.50,77
OP-01896,2026-06-26,North,NO-01,8992.49,9267.75,83,8434.93,13,843.49,82
OP-01897,2026-06-26,North,NO-02,8287.20,11406.46,109,6381.21,16,319.06,88
OP-01898,2026-06-26,North,NO-03,10138.60,8554.84,92,7774.80,16,544.23,82
OP-01899,2026-06-26,North,NO-04,10932.05,12730.42,98,8361.58,12,919.77,86
OP-01900,2026-06-26,North,NO-05,7052.94,8962.22,106,6967.98,13,348.39,85
OP-01901,2026-06-01,South,SO-01,8205.64,10338.52,94,6763.79,8,744.01,95
OP-01902,2026-06-01,South,SO-02,12624.06,9831.73,103,7686.13,8,845.47,82
OP-01903,2026-06-01,South,SO-03,9783.64,9426.29,124,7224.96,12,505.74,89
OP-01904,2026-06-01,South,SO-04,12729.26,8108.64,103,5764.59,9,345.87,89
OP-01905,2026-06-01,South,SO-05,8205.64,12061.60,113,6456.35,8,581.07,89
OP-01906,2026-06-02,South,SO-01,10309.65,10743.95,77,8070.43,8,484.22,87
OP-01907,2026-06-02,South,SO-02,10099.25,11149.38,86,7916.71,8,395.83,81
OP-01908,2026-06-02,South,SO-03,7890.04,11453.45,94,7839.85,11,627.18,89
OP-01909,2026-06-02,South,SO-04,10940.85,9426.29,76,9530.79,8,571.84,93
OP-01910,2026-06-02,South,SO-05,10099.25,10237.16,109,6072.04,12,303.60,94
OP-01911,2026-06-03,South,SO-01,12413.66,11858.89,81,7762.99,11,698.66,83
OP-01912,2026-06-03,South,SO-02,10835.65,11960.25,95,8224.15,12,657.93,91
OP-01913,2026-06-03,South,SO-03,9468.04,12669.75,107,8839.04,10,883.90,76
OP-01914,2026-06-03,South,SO-04,9994.04,9527.65,118,6148.90,12,676.37,95
OP-01915,2026-06-03,South,SO-05,8731.64,11960.25,99,9300.21,12,465.01,87
OP-01916,2026-06-04,South,SO-01,10730.45,10541.23,82,8608.46,9,1033.01,78
OP-01917,2026-06-04,South,SO-02,8310.84,9527.65,79,7839.85,9,862.38,81
OP-01918,2026-06-04,South,SO-03,8521.24,10237.16,98,7762.99,8,931.55,77
OP-01919,2026-06-04,South,SO-04,8942.04,9020.86,90,8224.15,8,740.17,87
OP-01920,2026-06-04,South,SO-05,12624.06,10743.95,95,8070.43,12,484.22,77
OP-01921,2026-06-05,South,SO-01,10835.65,10439.87,112,6456.35,10,774.76,83
OP-01922,2026-06-05,South,SO-02,10309.65,11453.45,85,7916.71,12,870.83,93
OP-01923,2026-06-05,South,SO-03,9257.64,8514.07,80,9377.07,10,1125.24,90
OP-01924,2026-06-05,South,SO-04,8942.04,9730.37,122,6994.37,10,839.32,96
OP-01925,2026-06-05,South,SO-05,12834.46,9324.94,95,6148.90,10,430.42,78
OP-01926,2026-06-08,South,SO-01,10414.85,9730.37,102,8531.60,10,767.84,88
OP-01927,2026-06-08,South,SO-02,9783.64,12162.96,93,7686.12,9,538.02,92
OP-01928,2026-06-08,South,SO-03,9783.64,12669.75,106,5764.59,11,288.22,90
OP-01929,2026-06-08,South,SO-04,12203.25,11757.53,121,6456.35,8,710.19,78
OP-01930,2026-06-08,South,SO-05,8100.44,10946.66,92,7301.82,10,730.18,83
OP-01931,2026-06-09,South,SO-01,8731.64,12365.68,118,7455.54,9,521.88,85
OP-01932,2026-06-09,South,SO-02,12939.66,11250.74,75,6072.04,8,546.48,96
OP-01933,2026-06-09,South,SO-03,10520.05,11048.02,100,9530.79,10,571.84,87
OP-01934,2026-06-09,South,SO-04,8731.64,12669.75,117,6917.51,11,484.22,78
OP-01935,2026-06-09,South,SO-05,10099.25,12061.60,96,6994.37,8,699.43,89
OP-01936,2026-06-10,South,SO-01,10940.85,11352.10,80,7916.71,12,554.16,82
OP-01937,2026-06-10,South,SO-02,9994.04,11048.02,91,7609.26,12,456.55,90
OP-01938,2026-06-10,South,SO-03,9994.04,12061.60,79,6379.48,10,637.94,87
OP-01939,2026-06-10,South,SO-04,9678.44,8615.43,116,5918.32,9,355.09,77
OP-01940,2026-06-10,South,SO-05,12624.06,10338.52,83,7378.68,7,811.65,92
OP-01941,2026-06-11,South,SO-01,10099.25,10642.59,115,9146.49,8,731.71,85
OP-01942,2026-06-11,South,SO-02,13044.86,9324.94,88,8915.90,12,624.11,80
OP-01943,2026-06-11,South,SO-03,8205.64,8210.00,98,7532.40,9,677.91,95
OP-01944,2026-06-11,South,SO-04,13150.06,8615.43,122,7993.57,9,479.61,95
OP-01945,2026-06-11,South,SO-05,10835.65,9527.65,103,6686.93,12,802.43,82
OP-01946,2026-06-12,South,SO-01,9047.24,8210.00,76,9223.35,10,922.33,80
OP-01947,2026-06-12,South,SO-02,9888.84,10946.66,113,9530.79,10,667.15,90
OP-01948,2026-06-12,South,SO-03,11992.85,10541.23,89,7993.57,12,479.61,91
OP-01949,2026-06-12,South,SO-04,10730.45,9730.37,98,6456.35,12,451.94,96
OP-01950,2026-06-12,South,SO-05,8310.84,9629.01,87,9377.07,7,562.62,89
OP-01951,2026-06-15,South,SO-01,8942.04,8919.50,114,8224.15,9,411.20,89
OP-01952,2026-06-15,South,SO-02,12308.46,9629.01,88,6763.79,10,338.18,88
OP-01953,2026-06-15,South,SO-03,12098.05,7905.92,124,6302.62,12,567.23,96
OP-01954,2026-06-15,South,SO-04,9152.44,11554.81,103,8224.15,9,740.17,88
OP-01955,2026-06-15,South,SO-05,9783.64,8210.00,119,8762.18,8,700.97,96
OP-01956,2026-06-16,South,SO-01,9678.44,9122.22,101,7532.40,10,753.24,92
OP-01957,2026-06-16,South,SO-02,8100.44,9122.22,104,6763.79,10,541.10,77
OP-01958,2026-06-16,South,SO-03,13150.06,9020.86,99,8685.32,12,434.26,83
OP-01959,2026-06-16,South,SO-04,12308.46,10034.44,89,8992.77,12,1079.13,93
OP-01960,2026-06-16,South,SO-05,8205.64,10946.66,82,7455.54,12,820.10,83
OP-01961,2026-06-17,South,SO-01,13150.06,9730.37,109,7301.82,7,730.18,83
OP-01962,2026-06-17,South,SO-02,12203.25,10237.16,81,5841.46,9,292.07,96
OP-01963,2026-06-17,South,SO-03,9888.84,9527.65,120,8762.18,12,700.97,87
OP-01964,2026-06-17,South,SO-04,9362.84,12669.75,85,7301.82,9,438.10,89
OP-01965,2026-06-17,South,SO-05,10730.45,8818.15,122,9453.93,11,1134.47,95
OP-01966,2026-06-18,South,SO-01,9468.04,9223.58,94,5764.59,8,576.45,91
OP-01967,2026-06-18,South,SO-02,12518.86,11352.10,104,8377.88,12,837.78,87
OP-01968,2026-06-18,South,SO-03,10625.25,9629.01,105,6148.90,9,491.91,84
OP-01969,2026-06-18,South,SO-04,9888.84,12365.68,96,8531.60,11,426.58,86
OP-01970,2026-06-18,South,SO-05,11992.85,8007.28,113,5918.32,8,473.46,96
OP-01971,2026-06-19,South,SO-01,9152.44,10338.52,79,6379.48,8,574.15,78
OP-01972,2026-06-19,South,SO-02,9152.44,9527.65,89,8147.29,9,896.20,91
OP-01973,2026-06-19,South,SO-03,12518.86,12568.39,90,7532.40,10,376.62,89
OP-01974,2026-06-19,South,SO-04,11782.45,11656.17,120,9069.63,12,453.48,92
OP-01975,2026-06-19,South,SO-05,10730.45,10743.95,88,6225.76,8,747.09,85
OP-01976,2026-06-22,South,SO-01,13150.06,9629.01,85,7224.96,11,722.49,94
OP-01977,2026-06-22,South,SO-02,7995.24,8615.43,113,6225.76,8,373.54,86
OP-01978,2026-06-22,South,SO-03,11361.65,11453.45,104,5918.32,10,532.64,76
OP-01979,2026-06-22,South,SO-04,12939.66,12669.75,125,6225.76,12,622.57,79
OP-01980,2026-06-22,South,SO-05,11887.65,12061.60,103,8608.46,11,602.59,88
OP-01981,2026-06-23,South,SO-01,9047.24,11352.10,99,7686.12,8,384.30,94
OP-01982,2026-06-23,South,SO-02,11887.65,9831.73,113,8070.43,8,645.63,95
OP-01983,2026-06-23,South,SO-03,10730.45,11048.02,101,7839.85,8,783.98,80
OP-01984,2026-06-23,South,SO-04,11677.25,8108.64,104,9069.63,9,816.26,88
OP-01985,2026-06-23,South,SO-05,12413.66,10541.23,111,8224.15,10,411.20,79
OP-01986,2026-06-24,South,SO-01,9257.64,7905.92,106,8685.32,10,868.53,76
OP-01987,2026-06-24,South,SO-02,8100.44,9223.58,111,5995.18,9,359.71,94
OP-01988,2026-06-24,South,SO-03,11466.85,12669.75,107,9146.49,12,640.25,91
OP-01989,2026-06-24,South,SO-04,10835.65,10541.23,101,6917.51,11,484.22,86
OP-01990,2026-06-24,South,SO-05,12624.06,8412.71,123,8992.77,10,449.63,90
OP-01991,2026-06-25,South,SO-01,8521.24,10237.16,108,6148.90,7,614.89,84
OP-01992,2026-06-25,South,SO-02,13150.06,10439.87,75,7455.54,10,596.44,91
OP-01993,2026-06-25,South,SO-03,12939.66,9223.58,123,7916.71,12,870.83,92
OP-01994,2026-06-25,South,SO-04,11046.05,7905.92,93,7762.99,12,931.55,92
OP-01995,2026-06-25,South,SO-05,12518.86,9831.73,109,8839.04,8,707.12,86
OP-01996,2026-06-26,South,SO-01,11361.65,11757.53,126,7071.24,10,707.12,94
OP-01997,2026-06-26,South,SO-02,12098.05,9831.73,112,9300.21,8,1023.02,89
OP-01998,2026-06-26,South,SO-03,8521.24,10946.66,118,8377.88,11,921.56,96
OP-01999,2026-06-26,South,SO-04,11887.65,11048.02,77,7455.54,8,447.33,92
OP-02000,2026-06-26,South,SO-05,12203.25,8108.64,110,9607.66,8,1152.91,90
OP-02001,2026-06-01,East,EA-01,10988.72,11524.96,121,8079.55,13,888.75,94
OP-02002,2026-06-01,East,EA-02,10475.23,11932.92,92,6603.48,9,330.17,78
OP-02003,2026-06-01,East,EA-03,10475.23,12748.85,95,7458.05,11,820.38,86
OP-02004,2026-06-01,East,EA-04,11810.31,9485.14,116,7768.80,12,466.12,92
OP-02005,2026-06-01,East,EA-05,10886.03,7955.28,110,6681.17,13,467.68,96
OP-02006,2026-06-02,East,EA-01,11091.42,10403.06,82,9167.19,11,825.04,93
OP-02007,2026-06-02,East,EA-02,10372.53,12340.89,115,6914.23,14,414.85,86
OP-02008,2026-06-02,East,EA-03,12734.60,12340.89,95,6836.54,14,341.82,80
OP-02009,2026-06-02,East,EA-04,9345.55,10301.07,113,6292.73,10,566.34,89
OP-02010,2026-06-02,East,EA-05,9550.95,10505.05,115,7613.42,9,837.47,94
OP-02011,2026-06-03,East,EA-01,8934.76,10607.04,86,6525.79,10,326.28,94
OP-02012,2026-06-03,East,EA-02,12426.50,11422.97,119,7768.80,12,776.88,90
OP-02013,2026-06-03,East,EA-03,10372.53,11320.98,78,6758.86,13,540.70,81
OP-02014,2026-06-03,East,EA-04,10680.63,12034.91,117,8545.68,11,940.02,94
OP-02015,2026-06-03,East,EA-05,8010.47,10505.05,122,6059.66,8,666.56,91
OP-02016,2026-06-04,East,EA-01,12529.20,10913.01,91,8934.12,8,1072.09,81
OP-02017,2026-06-04,East,EA-02,9653.64,9383.15,105,8545.68,13,769.11,79
OP-02018,2026-06-04,East,EA-03,9550.95,10505.05,125,9555.63,9,764.45,84
OP-02019,2026-06-04,East,EA-04,11810.31,11830.93,120,6370.42,9,382.22,93
OP-02020,2026-06-04,East,EA-05,10475.23,9485.14,96,7380.36,11,664.23,83
OP-02021,2026-06-05,East,EA-01,8318.57,9893.11,96,9400.25,11,752.02,90
OP-02022,2026-06-05,East,EA-02,10680.63,7649.31,125,5981.98,13,538.37,92
OP-02023,2026-06-05,East,EA-03,8318.57,9893.11,78,8856.43,10,442.82,80
OP-02024,2026-06-05,East,EA-04,9448.25,9077.18,97,7458.05,11,820.38,76
OP-02025,2026-06-05,East,EA-05,9859.04,11117.00,102,6059.66,10,666.56,80
OP-02026,2026-06-08,East,EA-01,11604.91,10913.01,96,8312.62,12,581.88,91
OP-02027,2026-06-08,East,EA-02,11707.61,8363.24,82,9089.50,13,454.47,77
OP-02028,2026-06-08,East,EA-03,9756.34,12238.89,110,8623.37,9,603.63,96
OP-02029,2026-06-08,East,EA-04,8421.26,9077.18,87,7224.98,9,650.24,78
OP-02030,2026-06-08,East,EA-05,9037.45,11728.94,105,6215.04,11,435.05,80
OP-02031,2026-06-09,East,EA-01,9653.64,7649.31,113,7224.98,13,866.99,86
OP-02032,2026-06-09,East,EA-02,10475.23,11015.00,106,7224.98,11,577.99,92
OP-02033,2026-06-09,East,EA-03,12015.71,12442.88,111,8934.12,13,1072.09,85
OP-02034,2026-06-09,East,EA-04,7907.77,12136.90,122,7691.11,11,846.02,81
OP-02035,2026-06-09,East,EA-05,11502.22,9077.18,125,6836.54,11,410.19,90
OP-02036,2026-06-10,East,EA-01,7805.07,11524.96,111,7924.18,11,792.41,85
OP-02037,2026-06-10,East,EA-02,11810.31,9383.15,118,5981.98,10,717.83,76
OP-02038,2026-06-10,East,EA-03,12734.60,9383.15,78,8623.37,9,1034.80,83
OP-02039,2026-06-10,East,EA-04,10886.02,12136.90,123,9555.63,10,860.00,95
OP-02040,2026-06-10,East,EA-05,12426.50,8771.21,103,6292.73,13,377.56,85
OP-02041,2026-06-11,East,EA-01,11502.22,11320.98,97,5826.60,9,524.39,86
OP-02042,2026-06-11,East,EA-02,9961.74,11728.94,93,6991.92,12,349.59,77
OP-02043,2026-06-11,East,EA-03,11913.01,12748.85,95,5826.60,210,524.39,94
OP-02044,2026-06-11,East,EA-04,9345.55,12544.87,100,5981.98,9,717.83,78
OP-02045,2026-06-11,East,EA-05,8421.26,12748.85,118,8157.24,14,407.86,95
OP-02046,2026-06-12,East,EA-01,8934.76,11117.00,83,6758.86,11,337.94,86
OP-02047,2026-06-12,East,EA-02,8215.87,12034.91,123,7302.67,13,511.18,84
OP-02048,2026-06-12,East,EA-03,10886.02,10607.04,103,6215.04,12,621.50,79
OP-02049,2026-06-12,East,EA-04,9961.74,10505.05,109,7846.49,14,784.64,92
OP-02050,2026-06-12,East,EA-05,12529.20,11422.97,97,9633.31,11,1155.99,96
OP-02051,2026-06-15,East,EA-01,12323.80,8975.19,87,9555.63,11,764.45,93
OP-02052,2026-06-15,East,EA-02,9242.85,11015.00,121,5826.60,13,524.39,77
OP-02053,2026-06-15,East,EA-03,12631.90,10811.02,80,8467.99,9,762.11,91
OP-02054,2026-06-15,East,EA-04,8113.17,9587.13,127,5826.60,14,291.33,85
OP-02055,2026-06-15,East,EA-05,9242.85,9893.11,128,8234.93,9,658.79,88
OP-02056,2026-06-16,East,EA-01,8421.26,9383.15,105,8934.12,13,804.07,94
OP-02057,2026-06-16,East,EA-02,7702.38,8771.21,112,6448.10,8,451.36,92
OP-02058,2026-06-16,East,EA-03,10783.33,9383.15,125,8701.06,9,870.10,96
OP-02059,2026-06-16,East,EA-04,12015.71,9689.12,79,6681.17,13,400.87,77
OP-02060,2026-06-16,East,EA-05,7907.77,10403.06,87,8079.55,14,646.36,94
OP-02061,2026-06-17,East,EA-01,12118.41,7853.29,96,7691.11,12,846.02,87
OP-02062,2026-06-17,East,EA-02,8523.96,9485.14,103,6059.66,9,666.56,78
OP-02063,2026-06-17,East,EA-03,12015.71,10199.08,116,9011.81,12,811.06,89
OP-02064,2026-06-17,East,EA-04,9448.25,9485.14,88,6991.92,8,839.03,96
OP-02065,2026-06-17,East,EA-05,12118.41,9893.11,109,6137.35,9,490.98,81
OP-02066,2026-06-18,East,EA-01,10167.14,11932.92,120,7380.36,13,369.01,80
OP-02067,2026-06-18,East,EA-02,8318.57,11015.00,105,7147.30,9,571.78,80
OP-02068,2026-06-18,East,EA-03,10475.23,12340.88,97,8545.68,11,1025.48,85
OP-02069,2026-06-18,East,EA-04,8215.87,10913.01,89,6292.73,13,377.56,82
OP-02070,2026-06-18,East,EA-05,11296.82,8363.24,84,6059.66,11,302.98,88
OP-02071,2026-06-19,East,EA-01,10783.33,10097.09,90,6292.73,12,440.49,82
OP-02072,2026-06-19,East,EA-02,11194.12,10913.01,124,7458.05,9,745.80,76
OP-02073,2026-06-19,East,EA-03,11502.22,9791.12,82,8934.12,13,893.41,82
OP-02074,2026-06-19,East,EA-04,12426.50,9893.11,108,8234.93,11,905.84,78
OP-02075,2026-06-19,East,EA-05,9037.45,11117.00,113,9555.63,11,573.33,94
OP-02076,2026-06-22,East,EA-01,7805.07,7649.31,123,7069.61,11,353.48,96
OP-02077,2026-06-22,East,EA-02,10577.93,12238.89,100,5981.98,11,717.83,92
OP-02078,2026-06-22,East,EA-03,10886.02,10097.09,115,8234.93,14,576.44,94
OP-02079,2026-06-22,East,EA-04,8832.06,8465.24,90,9555.63,9,668.89,79
OP-02080,2026-06-22,East,EA-05,10269.83,9485.14,77,7302.67,9,730.26,87
OP-02081,2026-06-23,East,EA-01,8832.06,7955.28,121,9167.18,11,1008.38,88
OP-02082,2026-06-23,East,EA-02,11502.22,11320.98,121,8312.62,12,665.00,87
OP-02083,2026-06-23,East,EA-03,7805.07,11728.94,87,8545.68,12,854.56,96
OP-02084,2026-06-23,East,EA-04,9140.15,10301.07,82,6448.10,13,709.29,89
OP-02085,2026-06-23,East,EA-05,9859.04,8057.27,83,8390.30,11,839.03,76
OP-02086,2026-06-24,East,EA-01,9756.34,11932.92,103,6758.86,10,337.94,79
OP-02087,2026-06-24,East,EA-02,7702.38,7649.31,109,7535.74,10,753.57,82
OP-02088,2026-06-24,East,EA-03,12734.60,10913.01,128,8778.74,13,790.08,77
OP-02089,2026-06-24,East,EA-04,7805.07,10403.06,113,6137.35,11,613.73,95
OP-02090,2026-06-24,East,EA-05,8318.57,9077.18,92,5981.98,12,358.91,93
OP-02091,2026-06-25,East,EA-01,9037.45,9281.16,111,8157.24,10,815.72,93
OP-02092,2026-06-25,East,EA-02,11913.01,9689.12,87,9244.87,13,924.48,77
OP-02093,2026-06-25,East,EA-03,10886.02,9383.15,120,6137.35,14,306.86,89
OP-02094,2026-06-25,East,EA-04,9242.85,11932.92,95,6914.23,12,622.28,93
OP-02095,2026-06-25,East,EA-05,9242.85,7751.30,78,8934.12,12,893.41,79
OP-02096,2026-06-26,East,EA-01,9242.85,10607.04,126,6525.79,13,326.28,86
OP-02097,2026-06-26,East,EA-02,9859.04,9179.17,78,6370.42,12,445.92,82
OP-02098,2026-06-26,East,EA-03,12426.50,11117.00,98,6059.66,10,545.36,94
OP-02099,2026-06-26,East,EA-04,12631.90,12340.88,77,8701.06,12,870.10,88
OP-02100,2026-06-26,East,EA-05,9448.25,12442.88,92,6292.73,11,377.56,93
OP-02101,2026-06-01,West,WE-01,8495.86,12942.35,109,7052.48,12,775.77,94
OP-02102,2026-06-01,West,WE-02,10832.23,12629.22,99,8341.65,11,583.91,89
OP-02103,2026-06-01,West,WE-03,9345.45,12002.98,103,9099.98,9,1091.99,90
OP-02104,2026-06-01,West,WE-04,12637.60,9498.01,117,7355.82,10,514.90,95
OP-02105,2026-06-01,West,WE-05,11469.42,8871.77,89,8265.82,12,661.26,77
OP-02106,2026-06-02,West,WE-01,12849.99,9811.13,92,8038.32,10,401.91,79
OP-02107,2026-06-02,West,WE-02,11257.02,12837.97,127,6900.82,10,483.05,80
OP-02108,2026-06-02,West,WE-03,11469.42,8558.65,127,6218.32,9,435.28,82
OP-02109,2026-06-02,West,WE-04,9239.25,8558.65,110,8265.82,11,578.60,88
OP-02110,2026-06-02,West,WE-05,13168.59,10333.00,109,8265.81,10,413.29,90
OP-02111,2026-06-03,West,WE-01,9026.86,9602.39,116,8341.65,10,750.74,96
OP-02112,2026-06-03,West,WE-02,8177.27,10541.75,127,6824.98,12,409.49,83
OP-02113,2026-06-03,West,WE-03,11257.02,11272.37,110,6673.32,13,333.66,93
OP-02114,2026-06-03,West,WE-04,9239.25,9393.64,131,7128.32,10,641.54,89
OP-02115,2026-06-03,West,WE-05,10195.04,9602.39,85,9024.15,9,451.20,77
OP-02116,2026-06-04,West,WE-01,12319.00,11167.99,88,5687.49,10,682.49,80
OP-02117,2026-06-04,West,WE-02,8602.06,8976.14,128,6445.82,14,515.66,94
OP-02118,2026-06-04,West,WE-03,8177.27,10124.25,86,5914.99,10,295.74,77
OP-02119,2026-06-04,West,WE-04,8920.66,11898.61,104,7355.82,9,441.34,82
OP-02120,2026-06-04,West,WE-05,12637.60,8871.77,120,7052.48,14,352.62,86
OP-02121,2026-06-05,West,WE-01,10195.04,10959.24,81,7507.48,9,375.37,76
OP-02122,2026-06-05,West,WE-02,10195.04,12211.73,97,8265.81,9,578.60,77
OP-02123,2026-06-05,West,WE-03,12106.61,12002.98,89,7204.15,11,576.33,82
OP-02124,2026-06-05,West,WE-04,11044.62,9706.76,112,6749.15,14,674.91,80
OP-02125,2026-06-05,West,WE-05,8177.27,8558.65,88,8341.65,14,834.16,82
OP-02126,2026-06-08,West,WE-01,11257.02,12524.85,124,7659.15,11,689.32,78
OP-02127,2026-06-08,West,WE-02,10619.83,11585.49,88,8038.32,11,482.29,85
OP-02128,2026-06-08,West,WE-03,12319.00,8976.14,97,9403.31,10,752.26,96
OP-02129,2026-06-08,West,WE-04,11894.21,10541.75,131,8872.48,12,798.52,78
OP-02130,2026-06-08,West,WE-05,12637.60,10019.88,128,6900.82,9,828.09,77
OP-02131,2026-06-09,West,WE-01,8071.07,8454.27,98,8189.98,11,818.99,94
OP-02132,2026-06-09,West,WE-02,9345.45,11063.62,80,6749.15,11,337.45,77
OP-02133,2026-06-09,West,WE-03,10513.63,8767.40,106,5763.32,13,633.96,88
OP-02134,2026-06-09,West,WE-04,11575.62,12629.22,128,6976.65,10,767.43,90
OP-02135,2026-06-09,West,WE-05,9557.85,10959.24,104,7279.98,14,436.79,92
OP-02136,2026-06-10,West,WE-01,9557.85,9498.01,94,9479.15,9,853.12,81
OP-02137,2026-06-10,West,WE-02,10513.63,8976.14,98,7279.98,12,436.79,81
OP-02138,2026-06-10,West,WE-03,9345.45,9706.76,123,5990.82,10,658.99,85
OP-02139,2026-06-10,West,WE-04,12956.19,11898.61,120,6673.32,11,467.13,76
OP-02140,2026-06-10,West,WE-05,10088.84,11376.74,123,5687.49,11,568.74,84
OP-02141,2026-06-11,West,WE-01,12106.61,10646.12,90,7734.98,14,464.09,86
OP-02142,2026-06-11,West,WE-02,9345.45,9289.26,122,6218.32,12,310.91,82
OP-02143,2026-06-11,West,WE-03,10195.04,11272.37,98,8569.15,10,856.91,87
OP-02144,2026-06-11,West,WE-04,11575.62,12733.60,107,7583.32,13,909.99,76
OP-02145,2026-06-11,West,WE-05,9876.44,11272.37,131,5990.82,13,718.89,84
OP-02146,2026-06-12,West,WE-01,10301.24,7932.40,116,6218.32,12,310.91,83
OP-02147,2026-06-12,West,WE-02,9557.85,12942.35,103,7583.32,9,454.99,94
OP-02148,2026-06-12,West,WE-03,13168.59,13046.72,83,8872.48,12,1064.69,81
OP-02149,2026-06-12,West,WE-04,10088.84,9393.64,119,8493.31,13,764.39,91
OP-02150,2026-06-12,West,WE-05,11575.61,8767.40,119,8189.98,9,818.99,79
OP-02151,2026-06-15,West,WE-01,13168.59,8245.53,113,6673.32,10,667.33,84
OP-02152,2026-06-15,West,WE-02,9026.86,12002.98,83,6142.49,12,429.97,91
OP-02153,2026-06-15,West,WE-03,11150.82,12002.98,131,9403.31,11,1034.36,92
OP-02154,2026-06-15,West,WE-04,9133.05,8454.27,120,8341.65,13,1000.99,94
OP-02155,2026-06-15,West,WE-05,8495.86,10019.88,126,9175.81,12,917.58,80
OP-02156,2026-06-16,West,WE-01,8389.67,11376.74,103,9327.48,12,932.74,76
OP-02157,2026-06-16,West,WE-02,8389.67,11272.37,79,7128.32,14,498.98,76
OP-02158,2026-06-16,West,WE-03,9239.25,12942.35,110,8341.65,14,583.91,91
OP-02159,2026-06-16,West,WE-04,11363.22,12211.73,80,9479.15,14,758.33,83
OP-02160,2026-06-16,West,WE-05,9451.65,12837.97,124,9024.15,11,812.17,89
OP-02161,2026-06-17,West,WE-01,11044.62,9184.89,91,5763.32,9,518.69,91
OP-02162,2026-06-17,West,WE-02,9876.44,9602.39,96,6521.65,9,586.94,92
OP-02163,2026-06-17,West,WE-03,8177.27,10854.87,120,6597.49,10,329.87,90
OP-02164,2026-06-17,West,WE-04,11044.62,12107.36,109,9175.81,12,642.30,92
OP-02165,2026-06-17,West,WE-05,8602.06,12733.60,81,5763.32,11,403.43,87
OP-02166,2026-06-18,West,WE-01,8602.06,10646.12,94,6976.65,9,488.36,91
OP-02167,2026-06-18,West,WE-02,12425.20,9602.39,94,8341.65,13,750.74,96
OP-02168,2026-06-18,West,WE-03,8708.26,8976.14,119,7734.98,13,696.14,88
OP-02169,2026-06-18,West,WE-04,8602.06,11585.49,104,7279.98,13,655.19,84
OP-02170,2026-06-18,West,WE-05,12743.80,9811.13,112,8720.81,13,523.24,90
OP-02171,2026-06-19,West,WE-01,12849.99,10646.12,90,5914.99,13,650.64,80
OP-02172,2026-06-19,West,WE-02,11363.22,11898.61,94,6597.49,10,725.72,79
OP-02173,2026-06-19,West,WE-03,8283.47,12942.35,98,7204.15,9,504.29,93
OP-02174,2026-06-19,West,WE-04,12849.99,8976.14,111,9175.81,12,734.06,85
OP-02175,2026-06-19,West,WE-05,9026.86,7828.03,93,7355.82,9,588.46,80
OP-02176,2026-06-22,West,WE-01,8389.67,10437.38,113,9175.81,9,917.58,80
OP-02177,2026-06-22,West,WE-02,11894.21,9498.01,86,9327.48,13,932.74,93
OP-02178,2026-06-22,West,WE-03,9345.45,11794.23,109,7431.65,10,520.21,96
OP-02179,2026-06-22,West,WE-04,8920.66,9184.89,116,6824.98,13,341.24,80
OP-02180,2026-06-22,West,WE-05,10938.43,8871.77,108,6824.98,13,614.24,90
OP-02181,2026-06-23,West,WE-01,10726.03,12524.85,118,7734.98,13,541.44,95
OP-02182,2026-06-23,West,WE-02,12849.99,11063.62,103,7810.82,12,937.29,79
OP-02183,2026-06-23,West,WE-03,9451.65,9393.64,95,9479.15,10,853.12,83
OP-02184,2026-06-23,West,WE-04,9133.05,9915.51,118,6445.82,13,386.74,90
OP-02185,2026-06-23,West,WE-05,8708.26,8349.90,87,7507.48,12,450.44,78
OP-02186,2026-06-24,West,WE-01,9133.05,12107.36,84,9327.48,12,652.92,92
OP-02187,2026-06-24,West,WE-02,9876.44,8558.65,123,7204.15,14,504.29,84
OP-02188,2026-06-24,West,WE-03,13274.79,12420.48,130,6597.49,9,395.84,92
OP-02189,2026-06-24,West,WE-04,9770.24,12629.22,112,7734.98,9,464.09,94
OP-02190,2026-06-24,West,WE-05,11363.22,9080.52,92,8265.81,12,743.92,93
OP-02191,2026-06-25,West,WE-01,8920.66,7932.40,89,7583.32,11,682.49,95
OP-02192,2026-06-25,West,WE-02,12956.19,7828.03,112,8038.32,12,803.83,87
OP-02193,2026-06-25,West,WE-03,8389.67,12420.48,90,6445.82,10,451.20,84
OP-02194,2026-06-25,West,WE-04,13168.59,12837.97,100,6597.49,9,593.77,76
OP-02195,2026-06-25,West,WE-05,12531.40,10541.75,90,9403.31,11,1034.36,86
OP-02196,2026-06-26,West,WE-01,11257.02,8454.27,83,6218.32,11,373.09,81
OP-02197,2026-06-26,West,WE-02,9026.86,10437.38,81,8720.81,9,610.45,88
OP-02198,2026-06-26,West,WE-03,8071.07,8663.02,131,6369.99,9,445.89,85
OP-02199,2026-06-26,West,WE-04,9451.65,11063.62,100,8948.31,11,1073.79,86
OP-02200,2026-06-26,West,WE-05,11363.22,10019.88,131,9099.98,11,1000.99,95
OP-02201,2026-06-01,Central,CE-01,10335.50,9957.03,134,7509.05,14,600.72,85
OP-02202,2026-06-01,Central,CE-02,12679.63,9003.70,84,5832.27,14,641.54,90
OP-02203,2026-06-01,Central,CE-03,11720.67,11016.29,117,7071.63,13,353.58,92
OP-02204,2026-06-01,Central,CE-04,8950.33,9745.18,86,6123.89,12,673.62,87
OP-02205,2026-06-01,Central,CE-05,9269.98,12075.55,128,6415.50,9,769.86,80
OP-02206,2026-06-02,Central,CE-01,11614.12,11757.77,118,8383.89,14,670.71,92
OP-02207,2026-06-02,Central,CE-02,8524.12,10910.36,130,8165.18,14,408.25,96
OP-02208,2026-06-02,Central,CE-03,9483.09,10168.88,87,6707.11,9,402.42,76
OP-02209,2026-06-02,Central,CE-04,8630.68,9427.40,89,8092.28,10,809.22,82
OP-02210,2026-06-02,Central,CE-05,9696.19,12817.03,89,6342.60,14,380.55,90
OP-02211,2026-06-03,Central,CE-01,8097.92,13240.73,108,7727.76,13,695.49,77
OP-02212,2026-06-03,Central,CE-02,9056.88,8156.29,94,5540.66,11,554.06,92
OP-02213,2026-06-03,Central,CE-03,9376.54,8156.29,104,6561.31,13,393.67,92
OP-02214,2026-06-03,Central,CE-04,9269.98,11228.14,96,7509.05,12,450.54,91
OP-02215,2026-06-03,Central,CE-05,9589.64,12817.03,95,8019.38,9,481.16,77
OP-02216,2026-06-04,Central,CE-01,9376.54,12287.40,120,6050.98,15,363.05,94
OP-02217,2026-06-04,Central,CE-02,10015.85,12287.40,115,7727.76,14,540.94,95
OP-02218,2026-06-04,Central,CE-03,11401.02,8050.36,115,8675.51,10,694.04,94
OP-02219,2026-06-04,Central,CE-04,8950.33,11545.92,86,7873.57,12,393.67,84
OP-02220,2026-06-04,Central,CE-05,12040.32,11651.84,130,8456.80,13,591.97,79
OP-02221,2026-06-05,Central,CE-01,10974.81,8791.85,134,8894.22,14,889.42,87
OP-02222,2026-06-05,Central,CE-02,10761.71,11122.21,128,5978.08,9,717.36,89
OP-02223,2026-06-05,Central,CE-03,10442.05,12605.18,131,6269.69,9,752.36,92
OP-02224,2026-06-05,Central,CE-04,12892.74,9003.70,110,8675.51,14,954.30,96
OP-02225,2026-06-05,Central,CE-05,9376.54,10380.73,98,8165.18,13,979.82,96
OP-02226,2026-06-08,Central,CE-01,8417.57,7944.44,106,8967.12,12,986.38,87
OP-02227,2026-06-08,Central,CE-02,10335.50,11122.21,121,9040.02,14,452.00,81
OP-02228,2026-06-08,Central,CE-03,10655.15,10274.81,119,9040.02,12,723.20,89
OP-02229,2026-06-08,Central,CE-04,9696.19,8897.77,105,5832.27,12,583.22,80
OP-02230,2026-06-08,Central,CE-05,8097.92,10910.36,83,7436.15,14,817.97,77
OP-02231,2026-06-09,Central,CE-01,8417.57,10910.36,131,8675.51,13,694.04,95
OP-02232,2026-06-09,Central,CE-02,11507.57,11969.62,83,6852.92,11,548.23,89
OP-02233,2026-06-09,Central,CE-03,11827.22,8474.07,106,6196.79,10,433.77,89
OP-02234,2026-06-09,Central,CE-04,8950.33,11228.14,125,6925.83,10,623.32,88
OP-02235,2026-06-09,Central,CE-05,12253.43,11439.99,83,8019.38,12,400.96,95
OP-02236,2026-06-10,Central,CE-01,8097.92,12287.40,101,8456.80,10,761.11,88
OP-02237,2026-06-10,Central,CE-02,11614.12,9957.03,106,7363.25,14,883.59,89
OP-02238,2026-06-10,Central,CE-03,8843.78,10910.36,121,6050.98,12,484.07,85
OP-02239,2026-06-10,Central,CE-04,12573.08,8050.36,129,7217.44,11,433.04,95
OP-02240,2026-06-10,Central,CE-05,8311.02,9745.18,111,6488.40,13,454.18,90
OP-02241,2026-06-11,Central,CE-01,8097.92,12181.47,81,7581.96,14,379.09,80
OP-02242,2026-06-11,Central,CE-02,13105.84,10062.96,99,6123.89,13,306.19,92
OP-02243,2026-06-11,Central,CE-03,7991.37,9321.47,96,5686.47,12,398.05,95
OP-02244,2026-06-11,Central,CE-04,9483.09,11863.69,130,7800.67,10,468.04,95
OP-02245,2026-06-11,Central,CE-05,12573.08,8897.77,123,7946.47,13,476.78,80
OP-02246,2026-06-12,Central,CE-01,10122.40,12499.25,97,8821.31,13,882.13,92
OP-02247,2026-06-12,Central,CE-02,11401.02,12181.47,112,8529.70,13,1023.56,86
OP-02248,2026-06-12,Central,CE-03,8950.33,9957.03,121,9040.02,12,813.60,89
OP-02249,2026-06-12,Central,CE-04,9696.19,11863.69,94,7290.34,9,729.03,86
OP-02250,2026-06-12,Central,CE-05,10974.81,9533.33,124,7363.25,9,589.06,84
OP-02251,2026-06-15,Central,CE-01,12359.98,13028.88,100,6925.82,10,484.80,96
OP-02252,2026-06-15,Central,CE-02,12040.32,13134.81,89,7946.47,10,397.32,92
OP-02253,2026-06-15,Central,CE-03,12146.88,10804.44,88,7727.76,13,463.66,84
OP-02254,2026-06-15,Central,CE-04,8630.68,13240.73,113,6415.50,10,384.93,76
OP-02255,2026-06-15,Central,CE-05,11614.12,12075.55,111,8821.31,10,1058.55,78
OP-02256,2026-06-16,Central,CE-01,8630.68,11545.92,107,8821.31,14,529.27,
OP-02257,2026-06-16,Central,CE-02,10228.95,12287.40,83,8165.18,12,734.86,81
OP-02258,2026-06-16,Central,CE-03,12999.29,10486.66,123,6269.69,13,752.36,83
OP-02259,2026-06-16,Central,CE-04,12359.98,10698.51,81,8238.09,14,494.28,83
OP-02260,2026-06-16,Central,CE-05,9589.64,13240.73,85,7800.67,14,936.08,82
OP-02261,2026-06-17,Central,CE-01,12892.74,12075.55,119,8821.31,15,441.06,83
OP-02262,2026-06-17,Central,CE-02,8630.67,8685.92,96,8821.31,10,882.13,96
OP-02263,2026-06-17,Central,CE-03,9696.19,8791.85,113,6269.69,11,313.48,85
OP-02264,2026-06-17,Central,CE-04,12679.63,10486.66,101,9040.02,11,813.60,76
OP-02265,2026-06-17,Central,CE-05,11614.12,13028.88,125,7873.57,9,393.67,88
OP-02266,2026-06-18,Central,CE-01,11827.22,9639.25,133,6123.89,14,306.19,95
OP-02267,2026-06-18,Central,CE-02,12466.53,12605.18,134,8967.12,11,717.36,80
OP-02268,2026-06-18,Central,CE-03,8204.47,8262.22,104,5832.27,9,524.90,95
OP-02269,2026-06-18,Central,CE-04,12359.98,10698.51,83,6342.60,10,634.26,83
OP-02270,2026-06-18,Central,CE-05,9163.43,10592.58,126,7290.34,14,583.22,78
OP-02271,2026-06-19,Central,CE-01,10655.15,11651.84,126,8529.70,15,852.97,79
OP-02272,2026-06-19,Central,CE-02,8417.57,9533.33,95,9112.93,11,911.29,80
OP-02273,2026-06-19,Central,CE-03,10442.05,8368.14,106,9040.02,9,994.40,86
OP-02274,2026-06-19,Central,CE-04,8524.12,13134.81,117,7363.25,14,736.32,79
OP-02275,2026-06-19,Central,CE-05,11507.57,12711.10,128,8238.09,11,411.90,91
OP-02276,2026-06-22,Central,CE-01,13212.39,9533.33,103,7290.34,13,801.93,86
OP-02277,2026-06-22,Central,CE-02,12253.43,9215.55,82,6123.89,10,734.86,95
OP-02278,2026-06-22,Central,CE-03,8311.02,10274.81,91,7290.34,13,364.51,86
OP-02279,2026-06-22,Central,CE-04,11933.77,9215.55,127,8383.89,11,503.03,89
OP-02280,2026-06-22,Central,CE-05,11933.77,12605.18,129,8165.18,13,979.82,82
OP-02281,2026-06-23,Central,CE-01,12146.88,8685.92,114,8019.38,14,400.96,82
OP-02282,2026-06-23,Central,CE-02,8737.23,10910.36,90,7363.25,13,662.69,96
OP-02283,2026-06-23,Central,CE-03,10335.50,8685.92,117,8748.41,12,437.42,89
OP-02284,2026-06-23,Central,CE-04,11081.36,12181.47,118,6488.40,13,389.30,95
OP-02285,2026-06-23,Central,CE-05,10868.26,9215.55,83,5905.18,11,708.62,96
OP-02286,2026-06-24,Central,CE-01,11507.57,8685.92,100,5832.27,11,349.93,96
OP-02287,2026-06-24,Central,CE-02,9802.74,11122.21,100,6780.02,10,813.60,82
OP-02288,2026-06-24,Central,CE-03,7991.37,11334.07,106,6196.79,14,371.80,90
OP-02289,2026-06-24,Central,CE-04,12466.53,7944.44,103,5905.18,10,708.62,90
OP-02290,2026-06-24,Central,CE-05,10122.40,8050.36,103,5832.27,13,583.22,84
OP-02291,2026-06-25,Central,CE-01,11187.91,12605.18,120,6780.02,12,610.20,91
OP-02292,2026-06-25,Central,CE-02,9056.88,9215.55,128,8165.18,11,734.86,85
OP-02293,2026-06-25,Central,CE-03,12679.63,8897.77,86,6488.40,12,778.60,87
OP-02294,2026-06-25,Central,CE-04,10442.05,8262.22,107,8383.89,11,1006.06,82
OP-02295,2026-06-25,Central,CE-05,12786.19,13028.88,106,7290.34,10,801.93,88
OP-02296,2026-06-26,Central,CE-01,11187.91,9427.40,98,7946.47,11,635.71,89
OP-02297,2026-06-26,Central,CE-02,10442.05,12922.95,131,8165.18,10,653.21,80
OP-02298,2026-06-26,Central,CE-03,10228.95,7944.44,115,5905.18,12,472.41,88
OP-02299,2026-06-26,Central,CE-04,11614.12,10062.96,104,6342.60,11,317.13,89
OP-02300,2026-06-26,Central,CE-05,12466.53,8474.07,120,8894.22,13,800.47,94
OP-02301,2026-06-01,Coast,CO-01,11305.00,10338.16,115,5642.54,10,677.10,95
OP-02302,2026-06-01,Coast,CO-02,7790.00,11091.99,85,5717.77,14,686.13,95
OP-02303,2026-06-01,Coast,CO-03,10450.00,10015.10,127,8802.36,15,880.23,77
OP-02304,2026-06-01,Coast,CO-04,7220.00,12061.19,98,7297.68,11,364.88,93
OP-02305,2026-06-01,Coast,CO-05,7505.00,11845.81,92,6169.17,11,493.53,82
OP-02306,2026-06-02,Coast,CO-01,8550.00,10876.61,131,6319.64,13,505.57,90
OP-02307,2026-06-02,Coast,CO-02,9595.00,11845.81,104,5868.24,10,293.41,92
OP-02308,2026-06-02,Coast,CO-03,10070.00,9907.41,87,8802.36,9,880.23,81
OP-02309,2026-06-02,Coast,CO-04,9595.00,9584.34,80,7899.55,13,789.95,94
OP-02310,2026-06-02,Coast,CO-05,8550.00,10661.23,133,6921.51,12,484.50,85
OP-02311,2026-06-03,Coast,CO-01,10450.00,12922.71,121,9404.23,15,658.29,90
OP-02312,2026-06-03,Coast,CO-02,10640.00,9692.03,127,7448.15,15,521.37,95
OP-02313,2026-06-03,Coast,CO-03,8265.00,11845.81,120,7749.08,10,542.43,82
OP-02314,2026-06-03,Coast,CO-04,9405.00,8184.38,97,7372.92,12,442.37,83
OP-02315,2026-06-03,Coast,CO-05,9595.00,11738.12,132,7071.98,11,848.63,87
OP-02316,2026-06-04,Coast,CO-01,8930.00,10230.48,126,6545.34,13,523.62,91
OP-02317,2026-06-04,Coast,CO-02,9405.00,10230.48,104,8802.36,13,440.11,93
OP-02318,2026-06-04,Coast,CO-03,11875.00,13245.77,102,6996.75,11,699.67,79
OP-02319,2026-06-04,Coast,CO-04,10165.00,9799.72,125,8200.49,10,738.04,88
OP-02320,2026-06-04,Coast,CO-05,8265.00,13353.46,105,6319.64,13,315.98,81
OP-02321,2026-06-05,Coast,CO-01,10545.00,11953.50,87,8952.83,10,805.75,91
OP-02322,2026-06-05,Coast,CO-02,11685.00,11091.99,91,6169.17,10,308.45,96
OP-02323,2026-06-05,Coast,CO-03,7505.00,9368.96,114,7749.08,11,619.92,76
OP-02324,2026-06-05,Coast,CO-04,8835.00,8615.14,103,6394.88,12,383.69,76
OP-02325,2026-06-05,Coast,CO-05,9500.00,10768.92,115,7673.85,11,537.16,88
OP-02326,2026-06-08,Coast,CO-01,11875.00,11091.99,111,7448.15,16,595.85,95
OP-02327,2026-06-08,Coast,CO-02,10355.00,11522.75,88,5943.47,15,475.47,77
OP-02328,2026-06-08,Coast,CO-03,7220.00,10230.48,116,5793.01,13,579.30,89
OP-02329,2026-06-08,Coast,CO-04,11305.00,12599.64,94,9404.23,12,564.25,87
OP-02330,2026-06-08,Coast,CO-05,9880.00,10122.79,106,6244.41,15,561.99,87
OP-02331,2026-06-09,Coast,CO-01,8360.00,12061.19,128,7448.15,14,446.88,85
OP-02332,2026-06-09,Coast,CO-02,10070.00,8830.52,110,8350.96,10,835.09,93
OP-02333,2026-06-09,Coast,CO-03,7980.00,8722.83,110,7824.32,10,469.45,96
OP-02334,2026-06-09,Coast,CO-04,11020.00,9476.65,118,8501.42,14,680.11,89
OP-02335,2026-06-09,Coast,CO-05,11685.00,10015.10,89,9103.29,12,455.16,82
OP-02336,2026-06-10,Coast,CO-01,8930.00,11307.37,106,6846.28,13,547.70,83
OP-02337,2026-06-10,Coast,CO-02,9405.00,8292.07,93,8501.42,14,765.12,89
OP-02338,2026-06-10,Coast,CO-03,9975.00,10230.48,114,8576.66,14,857.66,90
OP-02339,2026-06-10,Coast,CO-04,8930.00,10445.85,115,7673.85,13,690.64,93
OP-02340,2026-06-10,Coast,CO-05,11210.00,12491.95,113,7899.55,16,947.94,94
OP-02341,2026-06-11,Coast,CO-01,7220.00,11845.81,110,6093.94,14,487.51,95
OP-02342,2026-06-11,Coast,CO-02,8075.00,13245.77,102,6695.81,14,401.74,94
OP-02343,2026-06-11,Coast,CO-03,8265.00,13245.77,129,7598.62,14,759.86,83
OP-02344,2026-06-11,Coast,CO-04,9500.00,9907.41,81,7297.68,13,875.72,79
OP-02345,2026-06-11,Coast,CO-05,8930.00,9692.03,127,8350.96,12,584.56,90
OP-02346,2026-06-12,Coast,CO-01,11685.00,11953.50,122,6921.51,15,415.29,78
OP-02347,2026-06-12,Coast,CO-02,9500.00,9476.65,87,8727.12,10,1047.25,84
OP-02348,2026-06-12,Coast,CO-03,7410.00,9799.72,101,5717.77,13,400.24,79
OP-02349,2026-06-12,Coast,CO-04,10545.00,9907.41,103,8426.19,12,758.35,91
OP-02350,2026-06-12,Coast,CO-05,9025.00,8722.83,94,9028.06,13,902.80,84
OP-02351,2026-06-15,Coast,CO-01,9405.00,11630.43,82,5793.01,15,405.51,88
OP-02352,2026-06-15,Coast,CO-02,11590.00,12491.95,104,6771.05,14,406.26,78
OP-02353,2026-06-15,Coast,CO-03,10165.00,13138.08,124,7824.32,11,469.45,76
OP-02354,2026-06-15,Coast,CO-04,8550.00,8076.69,104,8350.96,14,417.54,80
OP-02355,2026-06-15,Coast,CO-05,7980.00,8938.20,117,6394.88,15,511.59,82
OP-02356,2026-06-16,Coast,CO-01,10260.00,11845.81,108,8125.25,14,975.03,77
OP-02357,2026-06-16,Coast,CO-02,10735.00,11630.43,131,8651.89,14,432.59,92
OP-02358,2026-06-16,Coast,CO-03,7410.00,10661.23,121,8877.59,12,798.98,82
OP-02359,2026-06-16,Coast,CO-04,11685.00,8292.07,125,5868.24,9,410.77,92
OP-02360,2026-06-16,Coast,CO-05,8645.00,13461.15,128,8350.96,11,668.07,93
OP-02361,2026-06-17,Coast,CO-01,10260.00,8076.69,100,8877.59,16,1065.31,86
OP-02362,2026-06-17,Coast,CO-02,8360.00,10553.54,127,9028.06,9,1083.36,92
OP-02363,2026-06-17,Coast,CO-03,9500.00,9153.58,93,5642.54,9,620.67,93
OP-02364,2026-06-17,Coast,CO-04,7600.00,12815.02,128,7749.08,13,774.90,89
OP-02365,2026-06-17,Coast,CO-05,10450.00,8184.38,80,7598.62,15,455.91,79
OP-02366,2026-06-18,Coast,CO-01,9025.00,9476.65,105,8501.42,14,510.08,79
OP-02367,2026-06-18,Coast,CO-02,11685.00,11415.06,114,5868.24,11,586.82,77
OP-02368,2026-06-18,Coast,CO-03,10830.00,12168.88,112,8050.02,14,724.50,78
OP-02369,2026-06-18,Coast,CO-04,10165.00,9045.89,106,9329.00,13,746.32,82
OP-02370,2026-06-18,Coast,CO-05,11875.00,9045.89,122,8200.49,12,410.02,94
OP-02371,2026-06-19,Coast,CO-01,9880.00,10768.92,93,5868.24,10,410.77,91
OP-02372,2026-06-19,Coast,CO-02,8075.00,8722.83,120,5717.77,13,285.88,86
OP-02373,2026-06-19,Coast,CO-03,7220.00,12707.33,95,7071.98,13,495.03,88
OP-02374,2026-06-19,Coast,CO-04,7600.00,10984.30,133,7071.98,13,777.91,88
OP-02375,2026-06-19,Coast,CO-05,8265.00,8615.14,122,6620.58,10,331.02,81
OP-02376,2026-06-22,Coast,CO-01,10260.00,10661.23,109,7448.15,14,595.85,88
OP-02377,2026-06-22,Coast,CO-02,7220.00,10768.92,111,7523.38,14,677.10,91
OP-02378,2026-06-22,Coast,CO-03,8455.00,10122.79,100,5642.54,16,677.10,87
OP-02379,2026-06-22,Coast,CO-04,7695.00,11091.99,130,7824.32,10,625.94,89
OP-02380,2026-06-22,Coast,CO-05,9880.00,13353.46,117,7824.32,9,469.45,76
OP-02381,2026-06-23,Coast,CO-01,8645.00,12491.95,124,6996.75,13,629.70,85
OP-02382,2026-06-23,Coast,CO-02,9025.00,10553.54,113,5717.77,15,628.95,95
OP-02383,2026-06-23,Coast,CO-03,10545.00,8399.76,100,6846.28,13,342.31,94
OP-02384,2026-06-23,Coast,CO-04,11875.00,13353.46,132,8426.19,14,842.61,92
OP-02385,2026-06-23,Coast,CO-05,10355.00,9261.27,132,5642.54,11,338.55,87
OP-02386,2026-06-24,Coast,CO-01,7410.00,8507.45,132,8426.19,14,421.30,83
OP-02387,2026-06-24,Coast,CO-02,11590.00,10984.30,128,8426.19,10,842.61,88
OP-02388,2026-06-24,Coast,CO-03,8075.00,13461.15,96,5717.77,15,457.42,86
OP-02389,2026-06-24,Coast,CO-04,11020.00,8076.69,116,5717.77,11,571.77,88
OP-02390,2026-06-24,Coast,CO-05,7885.00,12061.19,112,8426.19,9,758.35,94
OP-02391,2026-06-25,Coast,CO-01,11590.00,10661.23,99,6018.71,12,481.49,82
OP-02392,2026-06-25,Coast,CO-02,10165.00,8184.38,93,6018.71,15,722.24,91
OP-02393,2026-06-25,Coast,CO-03,8455.00,12384.26,133,7824.32,14,391.21,77
OP-02394,2026-06-25,Coast,CO-04,11305.00,9153.58,119,8877.59,15,976.53,76
OP-02395,2026-06-25,Coast,CO-05,8550.00,12384.26,86,7222.45,12,722.24,80
OP-02396,2026-06-26,Coast,CO-01,10355.00,10122.79,116,7749.08,14,387.45,80
OP-02397,2026-06-26,Coast,CO-02,7505.00,11738.12,119,8050.02,10,885.50,80
OP-02398,2026-06-26,Coast,CO-03,7220.00,11953.50,133,8877.59,15,976.53,91
OP-02399,2026-06-26,Coast,CO-04,11875.00,8938.20,104,7147.21,10,357.36,94
OP-02400,2026-06-26,Coast,CO-05,11780.00,12922.71,114,6695.81,15,736.53,83
OP-00008,2026-03-03,North,NO-03,12240.13,12098.37,92,7541.48,8,829.56,77
OP-00145,2026-03-12,South,SO-05,6654.71,10404.04,90,6128.56,8,306.42,77
OP-00282,2026-03-24,East,EA-02,11108.27,11131.81,84,7859.68,11,628.77,84
OP-00419,2026-03-05,Central,CE-04,8709.50,9713.88,91,8380.05,11,586.60,95
OP-00556,2026-03-17,Coast,CO-01,10852.01,10078.49,84,6326.09,15,379.56,83
OP-00693,2026-04-27,North,NO-03,11919.82,8882.99,90,5997.55,13,299.87,76
OP-00830,2026-04-08,East,EA-05,8886.64,9873.09,92,7365.35,9,368.26,82
OP-00967,2026-04-20,West,WE-02,8985.49,9395.06,109,7165.43,9,573.23,81
OP-01104,2026-04-01,Coast,CO-04,9488.75,12121.42,91,5673.46,14,340.40,93
OP-01241,2026-05-13,North,NO-01,9935.71,9099.00,81,5909.70,15,413.67,95
OP-01378,2026-05-22,South,SO-03,8478.30,10432.97,80,7700.45,9,539.03,82
OP-01515,2026-05-05,West,WE-05,9558.25,10920.17,84,5805.79,9,406.40,94
OP-01652,2026-05-15,Central,CE-02,10938.60,10472.24,92,8881.20,12,444.06,84
OP-01789,2026-05-26,Coast,CO-04,9484.63,10292.54,109,8276.54,13,662.12,92
OP-01926,2026-06-08,South,SO-01,10414.85,9730.37,102,8531.60,10,767.84,88
OP-02063,2026-06-17,East,EA-03,12015.71,10199.08,116,9011.81,12,811.06,89
OP-02200,2026-06-26,West,WE-05,11363.22,10019.88,131,9099.98,11,1000.99,95
